reaction ids,reaction formulas,genes,upper_bounds,lower_bounds
ACACT2r,accoa_c + btcoa_c --> 3ohcoa_c + coa_c,['NCER_101355-t26_1-p1'],1000.0,0.0
ACACT3r,accoa_c + hxcoa_c --> 3oocoa_c + coa_c,['NCER_101355-t26_1-p1'],1000.0,0.0
ACCOAL,atp_c + coa_c + ppa_c --> adp_c + pi_c + ppcoa_c,"['NCER_101275-t26_1-p1', 'NCER_101037-t26_1-p1']",1000.0,0.0
ADNK1,adn_c + atp_c --> adp_c + amp_c + h_c,['NCER_102036-t26_1-p1'],1000.0,0.0
ALATRS,ala__L_c + atp_c + trnaala_c --> alatrna_c + amp_c + ppi_c,['NCER_101964-t26_1-p1'],1000.0,0.0
ARGTRS,arg__L_c + atp_c + trnaarg_c --> amp_c + argtrna_c + ppi_c,['NCER_101716-t26_1-p1'],1000.0,0.0
DUTPDP,dutp_c + h2o_c --> dump_c + h_c + ppi_c,"['NCER_100878-t26_1-p1', 'NCER_101274-t26_1-p1']",1000.0,0.0
E4PD,e4p_c + h2o_c + nad_c --> 4per_c + 2.0 h_c + nadh_c,['NCER_101501-t26_1-p1'],1000.0,0.0
G1PACT,accoa_c + gam1p_c --> acgam1p_c + coa_c + h_c,['NCER_100660-t26_1-p1'],1000.0,0.0
GLUSy,akg_c + gln__L_c + h_c + nadph_c --> 2.0 glu__L_c + nadp_c,['NCER_101292-t26_1-p1'],1000.0,0.0
GLUTRS,atp_c + glu__L_c + trnaglu_c --> amp_c + glutrna_c + ppi_c,['NCER_102160-t26_1-p1'],1000.0,0.0
GRXR,grxox_c + 2.0 gthrd_c --> grxrd_c + gthox_c,['NCER_101563-t26_1-p1'],1000.0,0.0
GTHOr,gthox_c + h_c + nadph_c --> 2.0 gthrd_c + nadp_c,['NCER_101563-t26_1-p1'],1000.0,0.0
LALDO3,h_c + mthgxl_c + nadph_c --> lald__L_c + nadp_c,['NCER_101329-t26_1-p1'],1000.0,0.0
LYSTRS,atp_c + lys__L_c + trnalys_c --> amp_c + lystrna_c + ppi_c,['NCER_100909-t26_1-p1'],1000.0,0.0
MAN1PT2,gdp_c + h_c + man1p_c --> gdpmann_c + pi_c,['NCER_100660-t26_1-p1'],1000.0,0.0
METAT,atp_c + h2o_c + met__L_c --> amet_c + pi_c + ppi_c,['NCER_100321-t26_1-p1'],1000.0,0.0
MOADSUx,iscssh_c + moadamp_c + nadh_c --> amp_c + iscs_c + moadcosh_c + nad_c,['NCER_100398-t26_1-p1'],1000.0,0.0
MPTSS,atp_c + h_c + moadcoo_c --> moadamp_c + ppi_c,['NCER_101207-t26_1-p1'],1000.0,0.0
NADK,atp_c + nad_c --> adp_c + h_c + nadp_c,['NCER_100535-t26_1-p1'],1000.0,0.0
NDPK3,atp_c + cdp_c --> adp_c + ctp_c,"['NCER_102036-t26_1-p1', 'NCER_101309-t26_1-p1']",1000.0,0.0
NDPK5,atp_c + dgdp_c --> adp_c + dgtp_c,"['NCER_102036-t26_1-p1', 'NCER_101309-t26_1-p1']",1000.0,0.0
NDPK6,atp_c + dudp_c --> adp_c + dutp_c,"['NCER_102036-t26_1-p1', 'NCER_101309-t26_1-p1']",1000.0,0.0
NTP1,atp_c + h2o_c --> adp_c + h_c + pi_c,"['NCER_101680-t26_1-p1', 'NCER_102023-t26_1-p1', 'NCER_101994-t26_1-p1', 'NCER_101048-t26_1-p1', 'NCER_101274-t26_1-p1']",1000.0,0.0
NTPP1,dgtp_c + h2o_c --> dgmp_c + h_c + ppi_c,['NCER_101274-t26_1-p1'],1000.0,0.0
PANTS,ala_B_c + atp_c + pant__R_c --> amp_c + h_c + pnto__R_c + ppi_c,['NCER_101209-t26_1-p1'],1000.0,0.0
PFK,atp_c + f6p_c --> adp_c + fdp_c + h_c,['NCER_102427-t26_1-p1'],1000.0,0.0
PYK,adp_c + h_c + pep_c --> atp_c + pyr_c,['NCER_100383-t26_1-p1'],1000.0,0.0
RNDR1b,adp_c + grxrd_c --> dadp_c + grxox_c + h2o_c,"['NCER_100976-t26_1-p1', 'NCER_101563-t26_1-p1']",1000.0,0.0
RNDR2b,gdp_c + grxrd_c --> dgdp_c + grxox_c + h2o_c,"['NCER_100976-t26_1-p1', 'NCER_101563-t26_1-p1']",1000.0,0.0
RNDR3,cdp_c + trdrd_c --> dcdp_c + h2o_c + trdox_c,"['NCER_101343-t26_1-p1', 'NCER_100976-t26_1-p1', 'NCER_101672-t26_1-p1']",1000.0,0.0
RNDR3b,cdp_c + grxrd_c --> dcdp_c + grxox_c + h2o_c,"['NCER_100976-t26_1-p1', 'NCER_101563-t26_1-p1']",1000.0,0.0
RNDR4b,grxrd_c + udp_c --> dudp_c + grxox_c + h2o_c,"['NCER_100976-t26_1-p1', 'NCER_101563-t26_1-p1']",1000.0,0.0
RPI,r5p_c --> ru5p__D_c,['NCER_102078-t26_1-p1'],1000.0,0.0
TPI,dhap_c --> g3p_c,"['NCER_100030-t26_1-p1', 'NCER_101826-t26_1-p1']",1000.0,0.0
TRDR,h_c + nadph_c + trdox_c --> nadp_c + trdrd_c,['NCER_101513-t26_1-p1'],1000.0,0.0
VALTRS,atp_c + trnaval_c + val__L_c --> amp_c + ppi_c + valtrna_c,['NCER_101032-t26_1-p1'],1000.0,0.0
THZPSN,atp_c + cys__L_c + dxyl5p_c + tyr__L_c --> 4hba_c + 4mpetz_c + ala__L_c + amp_c + co2_c + h2o_c + h_c + ppi_c,"['NCER_100398-t26_1-p1', 'NCER_101517-t26_1-p1']",1000.0,0.0
ACGAMPM,acgam6p_c --> acgam1p_c,['NCER_100272-t26_1-p1'],1000.0,0.0
ALCD19y,glyald_c + h_c + nadph_c --> glyc_c + nadp_c,['NCER_101329-t26_1-p1'],1000.0,0.0
ARAB1D2,arab__D_c + nadp_c --> Dara14lac_c + h_c + nadph_c,['NCER_101329-t26_1-p1'],1000.0,0.0
CHTNS,udpacgal_c --> chitin_c + h_c + udp_c,['NCER_100175-t26_1-p1'],1000.0,0.0
ERGSTt,ergst_e --> ergst_c,['NCER_100637-t26_1-p1'],1000.0,0.0
FACOAL180,atp_c + coa_c + ocdca_c --> amp_c + ppi_c + stcoa_c,['NCER_101315-t26_1-p1'],1000.0,0.0
GLYCDy,glyc_c + nadp_c --> dha_c + h_c + nadph_c,['NCER_101329-t26_1-p1'],1000.0,0.0
H2Ot,h2o_e --> h2o_c,"['NCER_102220-t26_1-p1', 'spontaneous']",1000.0,0.0
HMGCOAR,coa_c + mev__R_c + 2.0 nadp_c --> 2.0 h_c + hmgcoa_c + 2.0 nadph_c,['NCER_100738-t26_1-p1'],1000.0,0.0
MEVK3,gtp_c + mev__R_c --> 5pmev_c + gdp_c + h_c,['NCER_101036-t26_1-p1'],1000.0,0.0
MEVK4,mev__R_c + utp_c --> 5pmev_c + h_c + udp_c,['NCER_101036-t26_1-p1'],1000.0,0.0
NTP4,dgtp_c + h2o_c --> dgdp_c + h_c + pi_c,['NCER_101274-t26_1-p1'],1000.0,0.0
PI35BP5P_SC,h2o_c + 0.01 ptd135bp_SC_c --> pi_c + 0.01 ptd3ino_SC_c,"['NCER_100169-t26_1-p1', 'NCER_100659-t26_1-p1']",1000.0,0.0
PIN3K_SC,atp_c + 0.01 ptd1ino_SC_c --> adp_c + h_c + 0.01 ptd3ino_SC_c,['NCER_101332-t26_1-p1'],1000.0,0.0
ZYMSTt,zymst_e --> zymst_c,['NCER_100637-t26_1-p1'],1000.0,0.0
G3PCT,ctp_c + glyc3p_c + h_c --> cdpglyc_c + ppi_c,['NCER_102057-t26_1-p1'],1000.0,0.0
MOBDabc,atp_c + h2o_c + mobd_e --> adp_c + h_c + mobd_c + pi_c,['NCER_101105-t26_1-p1'],1000.0,0.0
SULabc,atp_c + h2o_c + so4_e --> adp_c + h_c + pi_c + so4_c,['NCER_101105-t26_1-p1'],1000.0,0.0
ARABDI,arab__D_c --> rbl__D_c,['NCER_101770-t26_1-p1'],1000.0,0.0
MACCOAT,2maacoa_c + coa_c --> accoa_c + ppcoa_c,['NCER_101355-t26_1-p1'],1000.0,0.0
PDHa,h_c + lpam_c + pyr_c --> adhlam_c + co2_c,['NCER_101862-t26_1-p1'],1000.0,0.0
TSULabc,atp_c + h2o_c + tsul_e --> adp_c + h_c + pi_c + tsul_c,['NCER_101105-t26_1-p1'],1000.0,0.0
CAATPS,atp_c + 2.0 ca2_c + h2o_c --> adp_c + 2.0 ca2_e + h_e + pi_c,['NCER_101005-t26_1-p1'],1000.0,0.0
ADK2,amp_c + pppi_c --> adp_c + ppi_c,['NCER_102036-t26_1-p1'],1000.0,0.0
ARGabc,arg__L_e + atp_c + h2o_c --> adp_c + arg__L_c + h_c + pi_c,['NCER_100637-t26_1-p1'],1000.0,0.0
BCOALIG,atp_c + bz_c + coa_c + 4.0 h_c --> amp_c + benzcoa_c + ppi_c,['NCER_101315-t26_1-p1'],1000.0,0.0
FACOAL1821,atp_c + coa_c + lnlc_c --> amp_c + lnlccoa_c + ppi_c,['NCER_101315-t26_1-p1'],1000.0,0.0
GRTT2,3hgrdp_c + ipdp_c --> 3hfrdp_c + ppi_c,['NCER_100483-t26_1-p1'],1000.0,0.0
NTP2,datp_c + h2o_c --> dadp_c + h_c + pi_c,['NCER_101274-t26_1-p1'],1000.0,0.0
NTP9,dttp_c + h2o_c --> dtdp_c + h_c + pi_c,['NCER_101274-t26_1-p1'],1000.0,0.0
PE1801829Z12Zt,atp_c + h2o_c + pe1801829Z12Z_c --> adp_c + h_c + pe1801829Z12Z_e + pi_c,"['NCER_100998-t26_1-p1', 'NCER_101354-t26_1-p1']",1000.0,0.0
PE18111Z1829Z12Zt,atp_c + h2o_c + pe18111Z1829Z12Z_c --> adp_c + h_c + pe18111Z1829Z12Z_e + pi_c,"['NCER_100998-t26_1-p1', 'NCER_101354-t26_1-p1']",1000.0,0.0
PE18111Z1835Z9Z12Zt,atp_c + h2o_c + pe18111Z1835Z9Z12Z_c --> adp_c + h_c + pe18111Z1835Z9Z12Z_e + pi_c,"['NCER_100998-t26_1-p1', 'NCER_101354-t26_1-p1']",1000.0,0.0
PE1819Z1819Zt,atp_c + h2o_c + pe1819Z1819Z_c --> adp_c + h_c + pe1819Z1819Z_e + pi_c,"['NCER_100998-t26_1-p1', 'NCER_101354-t26_1-p1']",1000.0,0.0
PE1819Z1845Z9Z12Z15Zt,atp_c + h2o_c + pe1819Z1845Z9Z12Z15Z_c --> adp_c + h_c + pe1819Z1845Z9Z12Z15Z_e + pi_c,"['NCER_100998-t26_1-p1', 'NCER_101354-t26_1-p1']",1000.0,0.0
PGP18111Z160t,atp_c + h2o_c + pgp18111Z160_c --> adp_c + h_c + pgp18111Z160_e + pi_c,"['NCER_100998-t26_1-p1', 'NCER_101354-t26_1-p1']",1000.0,0.0
CYTP450R,cytP450o_c + h_c + nadph_c --> cytP450r_c + nadp_c,['NCER_100157-t26_1-p1'],1000.0,0.0
FACOAL18111Z,atp_c + coa_c + ocdcea_c --> amp_c + ocdcecoa_c + ppi_c,['NCER_101315-t26_1-p1'],1000.0,0.0
G3PAT180_1,glyc3p_c + ocdccoa_c --> 1odecg3p_c + coa_c,['NCER_100062-t26_1-p1'],1000.0,0.0
CDIPT1819Z160,cdp12dgr1819Z160_c + inost_c --> cmp_c + 2.0 h_c + pail1819Z160_c,['NCER_101400-t26_1-p1'],1000.0,0.0
CDPDAGS1819Z160,ctp_c + 3.0 h_c + pa1819Z160_c --> cdp12dgr1819Z160_c + ppi_c,['NCER_100462-t26_1-p1'],1000.0,0.0
ETHAPT1801819Z,12dgr1801819Z_c + cdpea_c --> cmp_c + h_c + pe1801819Z_c,['NCER_101291-t26_1-p1'],1000.0,0.0
ETHAPT18111Z1819Z,12dgr18111Z1819Z_c + cdpea_c --> cmp_c + h_c + pe18111Z1819Z_c,['NCER_101291-t26_1-p1'],1000.0,0.0
LPLPS1AGPE180,1agpe180_c + h2o_c --> g3pe_c + h_c + ocdca_c,['NCER_100628-t26_1-p1'],1000.0,0.0
LPLPS1AGPE1819Z,1agpe1819Z_c + h2o_c --> g3pe_c + h_c + ocdce9a_c,['NCER_100628-t26_1-p1'],1000.0,0.0
NITR,h_c + nadh_c + no3_c --> h2o_c + nad_c + no2_c,['NCER_100176-t26_1-p1'],1000.0,0.0
G3PD4,glyc3p_c + mqn7_c --> dhap_c + mql7_c,['NCER_100642-t26_1-p1'],1000.0,0.0
HACD1_1,aacoa_c + h_c + nadh_c --> 3hbycoa_c + nad_c,['NCER_102544-t26_1-p1'],1000.0,0.0
3OXCOAT,coa_c + oxadpcoa_c --> accoa_c + succoa_c,['NCER_101355-t26_1-p1'],1000.0,0.0
ACACT1r,2.0 accoa_c --> aacoa_c + coa_c,['NCER_101355-t26_1-p1'],1000.0,0.0
ACACT8r,3ohodcoa_c + coa_c --> accoa_c + pmtcoa_c,['NCER_101355-t26_1-p1'],1000.0,0.0
ACS,ac_c + atp_c + coa_c --> accoa_c + amp_c + ppi_c,"['NCER_101275-t26_1-p1', 'NCER_101037-t26_1-p1']",1000.0,0.0
AMPTASECG,cgly_c + h2o_c --> cys__L_c + gly_c,"['NCER_100622-t26_1-p1', 'NCER_101262-t26_1-p1']",1000.0,0.0
ASNS1,asp__L_c + atp_c + gln__L_c + h2o_c --> amp_c + asn__L_c + glu__L_c + h_c + ppi_c,['NCER_100902-t26_1-p1'],1000.0,0.0
CTPS2,atp_c + gln__L_c + h2o_c + utp_c --> adp_c + ctp_c + glu__L_c + 2.0 h_c + pi_c,['NCER_101402-t26_1-p1'],1000.0,0.0
DADK,atp_c + damp_c --> adp_c + dadp_c,"['NCER_100453-t26_1-p1', 'NCER_102036-t26_1-p1', 'NCER_101317-t26_1-p1']",1000.0,0.0
DNMPPA,dhpmp_c + h2o_c --> dhnpt_c + pi_c,"['NCER_101005-t26_1-p1', 'NCER_100319-t26_1-p1', 'NCER_101270-t26_1-p1']",1000.0,0.0
ENO,2pg_c --> h2o_c + pep_c,['NCER_101750-t26_1-p1'],1000.0,0.0
FLVR,h_c + nadph_c + ribflv_c --> nadp_c + rbflvrd_c,['NCER_100157-t26_1-p1'],1000.0,0.0
FMNRx2,fmn_c + h_c + nadph_c --> fmnh2_c + nadp_c,['NCER_100157-t26_1-p1'],1000.0,0.0
G3PD2,glyc3p_c + nadp_c --> dhap_c + h_c + nadph_c,['NCER_102351-t26_1-p1'],1000.0,0.0
G3PD6,glyc3p_c + mqn8_c --> dhap_c + mql8_c,['NCER_100642-t26_1-p1'],1000.0,0.0
GALUi,g1p_c + h_c + utp_c --> ppi_c + udpg_c,"['NCER_100660-t26_1-p1', 'NCER_100663-t26_1-p1']",1000.0,0.0
GAPD,g3p_c + nad_c + pi_c --> 13dpg_c + h_c + nadh_c,['NCER_101501-t26_1-p1'],1000.0,0.0
GK1,atp_c + gmp_c --> adp_c + gdp_c,['NCER_101104-t26_1-p1'],1000.0,0.0
GLYAT,accoa_c + gly_c --> 2aobut_c + coa_c,['NCER_100800-t26_1-p1'],1000.0,0.0
GTHPi,2.0 gthrd_c + h2o2_c --> gthox_c + 2.0 h2o_c,['NCER_101139-t26_1-p1'],1000.0,0.0
GUAD,gua_c + h2o_c + h_c --> nh4_c + xan_c,['NCER_102475-t26_1-p1'],1000.0,0.0
I2FE2SS,fadh2_c + 2.0 fe2_c + 2.0 iscssh_c + iscu_c --> fad_c + 6.0 h_c + 2.0 iscs_c + iscu_2fe2s_c,['NCER_100398-t26_1-p1'],1000.0,0.0
I2FE2SS2,fadh2_c + 2.0 fe2_c + 2.0 iscssh_c + iscu_2fe2s_c --> fad_c + 6.0 h_c + 2.0 iscs_c + iscu_2fe2s2_c,['NCER_100398-t26_1-p1'],1000.0,0.0
IPDDI,ipdp_c --> dmpp_c,['NCER_101544-t26_1-p1'],1000.0,0.0
MAN6PI,man6p_c --> f6p_c,['NCER_100660-t26_1-p1'],1000.0,0.0
NDPK4,atp_c + dtdp_c --> adp_c + dttp_c,"['NCER_102036-t26_1-p1', 'NCER_101309-t26_1-p1']",1000.0,0.0
NTP3,gtp_c + h2o_c --> gdp_c + h_c + pi_c,['NCER_101274-t26_1-p1'],1000.0,0.0
NTPP10,ditp_c + h2o_c --> dimp_c + h_c + ppi_c,['NCER_101274-t26_1-p1'],1000.0,0.0
NTPP11,h2o_c + xtp_c --> h_c + ppi_c + xmp_c,['NCER_101274-t26_1-p1'],1000.0,0.0
PFK_2,atp_c + tag6p__D_c --> adp_c + h_c + tagdp__D_c,['NCER_102427-t26_1-p1'],1000.0,0.0
PGM,2pg_c --> 3pg_c,['NCER_101226-t26_1-p1'],1000.0,0.0
PHETRS,atp_c + phe__L_c + trnaphe_c --> amp_c + phetrna_c + ppi_c,"['NCER_100038-t26_1-p1', 'NCER_101490-t26_1-p1']",1000.0,0.0
SADT2,atp_c + gtp_c + h2o_c + so4_c --> aps_c + gdp_c + pi_c + ppi_c,"['NCER_101816-t26_1-p1', 'NCER_100390-t26_1-p1']",1000.0,0.0
SPODM,2.0 h_c + 2.0 o2s_c --> h2o2_c + o2_c,['NCER_100641-t26_1-p1'],1000.0,0.0
THIORDXi,h2o2_c + trdrd_c --> 2.0 h2o_c + trdox_c,['NCER_100213-t26_1-p1'],1000.0,0.0
TKT1,r5p_c + xu5p__D_c --> g3p_c + s7p_c,['NCER_100905-t26_1-p1'],1000.0,0.0
TRE6PS,g6p_c + udpg_c --> h_c + tre6p_c + udp_c,"['NCER_100278-t26_1-p1', 'NCER_100283-t26_1-p1']",1000.0,0.0
UDCPDPS,frdp_c + 8.0 ipdp_c --> 8.0 ppi_c + udcpdp_c,['NCER_100483-t26_1-p1'],1000.0,0.0
UMPK,atp_c + ump_c --> adp_c + udp_c,['NCER_101209-t26_1-p1'],1000.0,0.0
AOXSr,ala__L_c + h_c + pmcoa_c --> 8aonn_c + co2_c + coa_c,['NCER_100379-t26_1-p1'],1000.0,0.0
KAT1,aacoa_c + coa_c --> 2.0 accoa_c,['NCER_101355-t26_1-p1'],1000.0,0.0
ARABR,arab__L_c + h_c + nadph_c --> abt_c + nadp_c,['NCER_101329-t26_1-p1'],1000.0,0.0
DAGCPT_SC,0.01 12dgr_SC_c + cdpchol_c --> cmp_c + h_c + 0.01 pc_SC_c,['NCER_101291-t26_1-p1'],1000.0,0.0
DPGM,13dpg_c --> 23dpg_c + h_c,['NCER_101226-t26_1-p1'],1000.0,0.0
DPMVD,5dpmev_c + atp_c --> adp_c + co2_c + ipdp_c + pi_c,['NCER_102272-t26_1-p1'],1000.0,0.0
DRTPPD,25dthpp_c + h2o_c + h_c --> 5aprbu_c + nh4_c,['NCER_100916-t26_1-p1'],1000.0,0.0
EPISTAT_SC,0.01 epist_c + 0.655 hdcoa_c + 0.01 hexccoa_c + 0.27 odecoa_c + 0.02 pmtcoa_c + 0.03 stcoa_c + 0.015 tdcoa_c --> coa_c + 0.01 epistest_SC_c,['NCER_100059-t26_1-p1'],1000.0,0.0
ETHAPT_SC,0.01 12dgr_SC_c + cdpea_c --> cmp_c + h_c + 0.01 pe_SC_c,['NCER_101291-t26_1-p1'],1000.0,0.0
FACOAL182,atp_c + coa_c + ocdcya_c --> amp_c + ocdycacoa_c + ppi_c,['NCER_101315-t26_1-p1'],1000.0,0.0
FECOSTt,fecost_e --> fecost_c,['NCER_100637-t26_1-p1'],1000.0,0.0
FRTT,frdp_c + ipdp_c --> ggdp_c + ppi_c,['NCER_100483-t26_1-p1'],1000.0,0.0
GALt2,gal_e + h_e --> gal_c + h_c,['NCER_101601-t26_1-p1'],1000.0,0.0
GK2,datp_c + gmp_c --> dadp_c + gdp_c,['NCER_101104-t26_1-p1'],1000.0,0.0
HMGCOAS,coa_c + h_c + hmgcoa_c --> aacoa_c + accoa_c + h2o_c,['NCER_100354-t26_1-p1'],1000.0,0.0
MEVK1,atp_c + mev__R_c --> 5pmev_c + adp_c + h_c,['NCER_101036-t26_1-p1'],1000.0,0.0
PETHCT,ctp_c + ethamp_c + h_c --> cdpea_c + ppi_c,['NCER_101898-t26_1-p1'],1000.0,0.0
PI45BP5P_SC,h2o_c + 0.01 ptd145bp_SC_c --> pi_c + 0.01 ptd4ino_SC_c,['NCER_100169-t26_1-p1'],1000.0,0.0
SADT,atp_c + h_c + so4_c --> aps_c + ppi_c,['NCER_101816-t26_1-p1'],1000.0,0.0
UDPACGLP,acgam1p_c + h_c + utp_c --> ppi_c + udpacgal_c,['NCER_100956-t26_1-p1'],1000.0,0.0
XYLR,h_c + nadph_c + xyl__D_c --> nadp_c + xylt_c,['NCER_101329-t26_1-p1'],1000.0,0.0
Cut1,atp_c + cu2_c + h2o_c --> adp_c + cu2_e + h_c + pi_c,"['NCER_101371-t26_1-p1', 'NCER_101270-t26_1-p1']",1000.0,0.0
ALCD2y,etoh_c + nadp_c --> acald_c + h_c + nadph_c,['NCER_101329-t26_1-p1'],1000.0,0.0
Cuabc,atp_c + cu2_e + h2o_c --> adp_c + cu2_c + h_c + pi_c,['NCER_101270-t26_1-p1'],1000.0,0.0
FE3abc,atp_c + fe3_e + h2o_c --> adp_c + fe3_c + h_c + pi_c,['NCER_100095-t26_1-p1'],1000.0,0.0
FACOAL80,atp_c + coa_c + octa_c --> amp_c + occoa_c + ppi_c,['NCER_101315-t26_1-p1'],1000.0,0.0
NTP7,h2o_c + utp_c --> h_c + pi_c + udp_c,['NCER_101274-t26_1-p1'],1000.0,0.0
XYLt2,h_e + xyl__D_e --> h_c + xyl__D_c,['NCER_101601-t26_1-p1'],1000.0,0.0
CD2abc2,atp_c + cd2_e + h2o_c --> adp_c + cd2_c + h_c + pi_c,['NCER_101270-t26_1-p1'],1000.0,0.0
NaKt_1,atp_c + h2o_c + k_e + na1_c --> adp_c + h_c + k_c + na1_e + pi_c,['NCER_101005-t26_1-p1'],1000.0,0.0
PAIL1819Z160t,atp_c + h2o_c + pail1819Z160_c --> adp_c + h_c + pail1819Z160_e + pi_c,"['NCER_100998-t26_1-p1', 'NCER_101354-t26_1-p1']",1000.0,0.0
PE1801819Zt,atp_c + h2o_c + pe1801819Z_c --> adp_c + h_c + pe1801819Z_e + pi_c,"['NCER_100998-t26_1-p1', 'NCER_101354-t26_1-p1']",1000.0,0.0
PE1819Z1829Z12Zt,atp_c + h2o_c + pe1819Z1829Z12Z_c --> adp_c + h_c + pe1819Z1829Z12Z_e + pi_c,"['NCER_100998-t26_1-p1', 'NCER_101354-t26_1-p1']",1000.0,0.0
PG18111Z160t,atp_c + h2o_c + pg18111Z160_c --> adp_c + h_c + pg18111Z160_e + pi_c,"['NCER_100998-t26_1-p1', 'NCER_101354-t26_1-p1']",1000.0,0.0
PG1819Z160t,atp_c + h2o_c + pg1819Z160_c --> adp_c + h_c + pg1819Z160_e + pi_c,"['NCER_100998-t26_1-p1', 'NCER_101354-t26_1-p1']",1000.0,0.0
PGP1819Z160t,atp_c + h2o_c + pgp1819Z160_c --> adp_c + h_c + pgp1819Z160_e + pi_c,"['NCER_100998-t26_1-p1', 'NCER_101354-t26_1-p1']",1000.0,0.0
GF6PTA_1,f6p_B_c + gln__L_c --> gam6p_c + glu__L_c,['NCER_100735-t26_1-p1'],1000.0,0.0
G3PAT160_1,glyc3p_c + pmtcoa_c --> 1hdecg3p_c + coa_c,['NCER_100062-t26_1-p1'],1000.0,0.0
ACACT5r_1,accoa_c + dccoa_c --> 3oddcoa_c + coa_c,['NCER_101355-t26_1-p1'],1000.0,0.0
ARABRr,arab__L_c + h_c + nadph_c --> abt__L_c + nadp_c,['NCER_101151-t26_1-p1'],1000.0,0.0
CA2abc1,atp_c + ca2_c + h2o_c --> adp_c + ca2_e + h_c + pi_c,['NCER_101005-t26_1-p1'],1000.0,0.0
FERRICHabc,atp_c + ferrich_e + h2o_c --> adp_c + ferrich_c + h_c + pi_c,['NCER_100318-t26_1-p1'],1000.0,0.0
SULR_1,3.0 h2o_c + h2s_c + 3.0 nadp_c --> 4.0 h_c + 3.0 nadph_c + so3_c,['NCER_100157-t26_1-p1'],1000.0,0.0
ACACT4r,accoa_c + occoa_c --> 3odcoa_c + coa_c,['NCER_101355-t26_1-p1'],1000.0,0.0
ACACT5r,accoa_c + dcacoa_c --> 3oddcoa_c + coa_c,['NCER_101355-t26_1-p1'],1000.0,0.0
ADK3,amp_c + gtp_c --> adp_c + gdp_c,"['NCER_102036-t26_1-p1', 'NCER_101104-t26_1-p1']",1000.0,0.0
ADSK,aps_c + atp_c --> adp_c + h_c + paps_c,['NCER_101816-t26_1-p1'],1000.0,0.0
AP4AS,2.0 atp_c + h_c --> ap4a_c + ppi_c,['NCER_100909-t26_1-p1'],1000.0,0.0
ASNS2,asp__L_c + atp_c + nh4_c --> amp_c + asn__L_c + h_c + ppi_c,['NCER_100121-t26_1-p1'],1000.0,0.0
CSND,csn_c + h2o_c + h_c --> nh4_c + ura_c,['NCER_102475-t26_1-p1'],1000.0,0.0
CYSTRS,atp_c + cys__L_c + trnacys_c --> amp_c + cystrna_c + ppi_c,['NCER_100366-t26_1-p1'],1000.0,0.0
CYTD,cytd_c + h2o_c + h_c --> nh4_c + uri_c,['NCER_101234-t26_1-p1'],1000.0,0.0
DCYTD,dcyt_c + h2o_c + h_c --> duri_c + nh4_c,['NCER_101234-t26_1-p1'],1000.0,0.0
DGK1,atp_c + dgmp_c --> adp_c + dgdp_c,['NCER_101104-t26_1-p1'],1000.0,0.0
DKGLCNR1,25dkglcn_c + h_c + nadph_c --> 2dhguln_c + nadp_c,"['NCER_101329-t26_1-p1', 'NCER_101151-t26_1-p1']",1000.0,0.0
DTMPK,atp_c + dtmp_c --> adp_c + dtdp_c,['NCER_102294-t26_1-p1'],1000.0,0.0
FADRx2,fad_c + h_c + nadph_c --> fadh2_c + nadp_c,['NCER_100157-t26_1-p1'],1000.0,0.0
G3PD5,glyc3p_c + q8_c --> dhap_c + q8h2_c,['NCER_100642-t26_1-p1'],1000.0,0.0
G6PDH2r,g6p_c + nadp_c --> 6pgl_c + h_c + nadph_c,['NCER_100052-t26_1-p1'],1000.0,0.0
GLGC,atp_c + g1p_c + h_c --> adpglc_c + ppi_c,"['NCER_100660-t26_1-p1', 'NCER_100779', 'NCER_100311']",1000.0,0.0
GLUCYS,atp_c + cys__L_c + glu__L_c --> adp_c + glucys_c + h_c + pi_c,['NCER_101912-t26_1-p1'],1000.0,0.0
GLYOX,h2o_c + lgt__S_c --> gthrd_c + h_c + lac__D_c,['NCER_101920-t26_1-p1'],1000.0,0.0
GND,6pgc_c + nadp_c --> co2_c + nadph_c + ru5p__D_c,['NCER_101118-t26_1-p1'],1000.0,0.0
GRTT,grdp_c + ipdp_c --> frdp_c + ppi_c,"['NCER_100483-t26_1-p1', 'NCER_101910-t26_1-p1']",1000.0,0.0
I2FE2SR,2fe1s_c + iscssh_c + iscu_c --> 4.0 h_c + iscs_c + iscu_2fe2s_c,['NCER_100398-t26_1-p1'],1000.0,0.0
ICYSDS,cys__L_c + iscs_c --> ala__L_c + iscssh_c,['NCER_100398-t26_1-p1'],1000.0,0.0
LEUTRS,atp_c + leu__L_c + trnaleu_c --> amp_c + leutrna_c + ppi_c,['NCER_100842-t26_1-p1'],1000.0,0.0
METTRS,atp_c + met__L_c + trnamet_c --> amp_c + mettrna_c + ppi_c,['NCER_101052-t26_1-p1'],1000.0,0.0
NDPK1,atp_c + gdp_c --> adp_c + gtp_c,"['NCER_102036-t26_1-p1', 'NCER_101309-t26_1-p1']",1000.0,0.0
NDPK2,atp_c + udp_c --> adp_c + utp_c,"['NCER_102036-t26_1-p1', 'NCER_101309-t26_1-p1']",1000.0,0.0
NTP5,ctp_c + h2o_c --> cdp_c + h_c + pi_c,['NCER_101274-t26_1-p1'],1000.0,0.0
NTPP8,h2o_c + utp_c --> h_c + ppi_c + ump_c,['NCER_101274-t26_1-p1'],1000.0,0.0
PGAMT,gam1p_c --> gam6p_c,['NCER_100272-t26_1-p1'],1000.0,0.0
PGI,g6p_c --> f6p_c,['NCER_100921-t26_1-p1'],1000.0,0.0
RNDR2,gdp_c + trdrd_c --> dgdp_c + h2o_c + trdox_c,"['NCER_101343-t26_1-p1', 'NCER_100976-t26_1-p1', 'NCER_101672-t26_1-p1']",1000.0,0.0
THRTRS,atp_c + thr__L_c + trnathr_c --> amp_c + ppi_c + thrtrna_c,['NCER_101598-t26_1-p1'],1000.0,0.0
TKT2,e4p_c + xu5p__D_c --> f6p_c + g3p_c,['NCER_100905-t26_1-p1'],1000.0,0.0
TRPTRS,atp_c + trnatrp_c + trp__L_c --> amp_c + ppi_c + trptrna_c,['NCER_101183-t26_1-p1'],1000.0,0.0
UAGDP,acgam1p_c + h_c + utp_c --> ppi_c + uacgam_c,"['NCER_100660-t26_1-p1', 'NCER_100956-t26_1-p1']",1000.0,0.0
URIDK2r,atp_c + dump_c --> adp_c + dudp_c,['NCER_101209-t26_1-p1'],1000.0,0.0
ACGAM6PS,accoa_c + gam6p_c --> acgam6p_c + coa_c + h_c,['NCER_101009-t26_1-p1'],1000.0,0.0
ALCD22yi,2mbald_c + h_c + nadph_c --> 2mbtoh_c + nadp_c,['NCER_101329-t26_1-p1'],1000.0,0.0
CHLPCTD,cholp_c + ctp_c + h_c --> cdpchol_c + ppi_c,['NCER_102057-t26_1-p1'],1000.0,0.0
DIPS,amet_c + caphis_c --> ahcys_c + cmaphis_c + h_c,['NCER_101909-t26_1-p1'],1000.0,0.0
EPISTt,epist_e --> epist_c,['NCER_100637-t26_1-p1'],1000.0,0.0
FACOAL161,atp_c + coa_c + hdcea_c --> amp_c + hdcoa_c + ppi_c,['NCER_101315-t26_1-p1'],1000.0,0.0
G3PD1ir,dhap_c + h_c + nadh_c --> glyc3p_c + nad_c,"['NCER_102645', 'NCER_102351-t26_1-p1', 'NCER_100113', 'NCER_101278']",1000.0,0.0
GLPT,glp_c + tdcoa_c --> coa_c + tglp_c,['NCER_100018-t26_1-p1'],1000.0,0.0
GLUSx,akg_c + gln__L_c + h_c + nadh_c --> 2.0 glu__L_c + nad_c,['NCER_101292-t26_1-p1'],1000.0,0.0
LPP_SC,0.01 dagpy_SC_c + h2o_c --> h_c + 0.01 pa_SC_c + pi_c,['NCER_100617-t26_1-p1'],1000.0,0.0
MAN1PT,gtp_c + h_c + man1p_c --> gdpmann_c + ppi_c,['NCER_100660-t26_1-p1'],1000.0,0.0
MEVK2,ctp_c + mev__R_c --> 5pmev_c + cdp_c + h_c,['NCER_101036-t26_1-p1'],1000.0,0.0
NAt3_1,h_e + na1_c --> h_c + na1_e,['NCER_101427-t26_1-p1'],1000.0,0.0
NDPK9,atp_c + idp_c --> adp_c + itp_c,['NCER_101309-t26_1-p1'],1000.0,0.0
PLBPC_SC,h2o_c + 0.005 pc_SC_c --> 0.02 dca_c + 0.06 ddca_c + 0.5 g3pc_c + h_c + 0.27 hdca_c + 0.17 hdcea_c + 0.05 ocdca_c + 0.24 ocdcea_c + 0.09 ocdcya_c + 0.1 ttdca_c,['NCER_100628-t26_1-p1'],1000.0,0.0
SBTR,glc__D_c + h_c + nadph_c --> nadp_c + sbt__D_c,['NCER_101329-t26_1-p1'],1000.0,0.0
SERPT,h_c + pmtcoa_c + ser__L_c --> 3dsphgn_c + co2_c + coa_c,"['NCER_100379-t26_1-p1', 'NCER_100800-t26_1-p1']",1000.0,0.0
ZYMSTAT_SC,0.655 hdcoa_c + 0.01 hexccoa_c + 0.27 odecoa_c + 0.02 pmtcoa_c + 0.03 stcoa_c + 0.015 tdcoa_c + 0.01 zymst_c --> coa_c + 0.01 zymstest_SC_c,['NCER_100059-t26_1-p1'],1000.0,0.0
COabc,atp_c + cobalt2_e + h2o_c --> adp_c + cobalt2_c + h_c + pi_c,['NCER_102007-t26_1-p1'],1000.0,0.0
OIVD1r,4mop_c + coa_c + nad_c --> co2_c + ivcoa_c + nadh_c,['NCER_101862-t26_1-p1'],1000.0,0.0
OIVD2,3mob_c + coa_c + nad_c --> co2_c + ibcoa_c + nadh_c,['NCER_101862-t26_1-p1'],1000.0,0.0
ZNabc,atp_c + h2o_c + zn2_e --> adp_c + h_c + pi_c + zn2_c,['NCER_102007-t26_1-p1'],1000.0,0.0
GLCR1TRB1,gicolipaBR1_c + udpg_c --> ggicolipaBR1_c + h_c + udp_c,['NCER_102274-t26_1-p1'],1000.0,0.0
ARAB1D1,arab__D_c + nad_c --> Dara14lac_c + h_c + nadh_c,['NCER_101329-t26_1-p1'],1000.0,0.0
HBZOPT6,4hbz_c + octdp_5_c --> 3ophb_5_c + ppi_c,"['NCER_100483-t26_1-p1', 'NCER_100941-t26_1-p1']",1000.0,0.0
NTRARz,no3_c + trdrd_c --> h2o_c + no2_c + trdox_c,['NCER_100213-t26_1-p1'],1000.0,0.0
BCOALIG2,4hbz_c + atp_c + coa_c --> 4hbzcoa_c + amp_c + ppi_c,['NCER_101315-t26_1-p1'],1000.0,0.0
MCSNAH,5mcsn_c + h2o_c + h_c --> nh4_c + thym_c,['NCER_102475-t26_1-p1'],1000.0,0.0
NDPK10,atp_c + didp_c --> adp_c + ditp_c,['NCER_101309-t26_1-p1'],1000.0,0.0
FACOAL1831,atp_c + coa_c + lnlncg_c --> amp_c + lnlncgcoa_c + ppi_c,['NCER_101315-t26_1-p1'],1000.0,0.0
CA2abc,atp_c + ca2_e + h2o_c --> adp_c + ca2_c + h_c + pi_c,['NCER_101005-t26_1-p1'],1000.0,0.0
GLUS_F420,akg_c + f420_2h2_c + gln__L_c --> f420_2_c + 2.0 glu__L_c,['NCER_101292-t26_1-p1'],1000.0,0.0
NTP8,dutp_c + h2o_c --> dudp_c + h_c + pi_c,['NCER_101274-t26_1-p1'],1000.0,0.0
PE1801835Z9Z12Zt,atp_c + h2o_c + pe1801835Z9Z12Z_c --> adp_c + h_c + pe1801835Z9Z12Z_e + pi_c,"['NCER_100998-t26_1-p1', 'NCER_101354-t26_1-p1']",1000.0,0.0
PE1801845Z9Z12Z15Zt,atp_c + h2o_c + pe1801845Z9Z12Z15Z_c --> adp_c + h_c + pe1801845Z9Z12Z15Z_e + pi_c,"['NCER_100998-t26_1-p1', 'NCER_101354-t26_1-p1']",1000.0,0.0
PE18111Z1819Zt,atp_c + h2o_c + pe18111Z1819Z_c --> adp_c + h_c + pe18111Z1819Z_e + pi_c,"['NCER_100998-t26_1-p1', 'NCER_101354-t26_1-p1']",1000.0,0.0
PE18111Z1845Z9Z12Z15Zt,atp_c + h2o_c + pe18111Z1845Z9Z12Z15Z_c --> adp_c + h_c + pe18111Z1845Z9Z12Z15Z_e + pi_c,"['NCER_100998-t26_1-p1', 'NCER_101354-t26_1-p1']",1000.0,0.0
PE1829Z12Z1835Z9Z12Zt,atp_c + h2o_c + pe1829Z12Z1835Z9Z12Z_c --> adp_c + h_c + pe1829Z12Z1835Z9Z12Z_e + pi_c,"['NCER_100998-t26_1-p1', 'NCER_101354-t26_1-p1']",1000.0,0.0
CACOAL,atp_c + ca_c + coa_c --> amp_c + cacoa_c + h_c + ppi_c,['NCER_101315-t26_1-p1'],1000.0,0.0
FACOAL181_1,atp_c + coa_c + ocdce9a_c --> amp_c + ocdce9coa_c + ppi_c,['NCER_101315-t26_1-p1'],1000.0,0.0
G3PAT181_1,glyc3p_c + ocdcecoa_c --> 1odec11eg3p_c + coa_c,['NCER_100062-t26_1-p1'],1000.0,0.0
G3PAT1819Z,glyc3p_c + ocdce9coa_c --> 1odec9eg3p_c + coa_c,['NCER_100062-t26_1-p1'],1000.0,0.0
CDPDAGS18111Z160,ctp_c + 3.0 h_c + pa18111Z160_c --> cdp12dgr18111Z160_c + ppi_c,['NCER_100462-t26_1-p1'],1000.0,0.0
ETHAPT1819Z1819Z,12dgr1819Z1819Z_c + cdpea_c --> cmp_c + h_c + pe1819Z1819Z_c,['NCER_101291-t26_1-p1'],1000.0,0.0
LPLPS1AGPE18111Z,1agpe18111Z_c + h2o_c --> g3pe_c + h_c + ocdcea_c,['NCER_100628-t26_1-p1'],1000.0,0.0
LPLPS1AGPE1829Z12Z,1agpe1829Z12Z_c + h2o_c --> g3pe_c + h_c + lnlc_c,['NCER_100628-t26_1-p1'],1000.0,0.0
ACACT6r_1,accoa_c + ddcoa_c --> 3otdcoa_c + coa_c,['NCER_101355-t26_1-p1'],1000.0,0.0
LIPO3S24_BS,2400.0 ala__D_c + 2400.0 atp_c + 2400.0 cdpglyc_c + d12dg_BS_c + 2400.0 h2o_c --> 2400.0 amp_c + 2400.0 cmp_c + 4800.0 h_c + lipo3_24_BS_c + 2400.0 ppi_c,['NCER_101315-t26_1-p1'],1000.0,0.0
ACACT6r,accoa_c + ddcacoa_c --> 3otdcoa_c + coa_c,['NCER_101355-t26_1-p1'],1000.0,0.0
ACACT7r,accoa_c + tdcoa_c --> 3ohdcoa_c + coa_c,['NCER_101355-t26_1-p1'],1000.0,0.0
ADK1,amp_c + atp_c --> 2.0 adp_c,"['NCER_102036-t26_1-p1', 'NCER_101317-t26_1-p1']",1000.0,0.0
ADK4,amp_c + itp_c --> adp_c + idp_c,['NCER_102036-t26_1-p1'],1000.0,0.0
ALR2,h_c + mthgxl_c + nadph_c --> acetol_c + nadp_c,"['NCER_101329-t26_1-p1', 'NCER_101151-t26_1-p1']",1000.0,0.0
AMPTASEPG,h2o_c + progly_c --> gly_c + pro__L_c,"['NCER_100622-t26_1-p1', 'NCER_101262-t26_1-p1']",1000.0,0.0
AP4AH,ap4a_c + h2o_c --> 2.0 adp_c + 2.0 h_c,['NCER_100351-t26_1-p1'],1000.0,0.0
ASNTRS,asn__L_c + atp_c + trnaasn_c --> amp_c + asntrna_c + ppi_c,['NCER_100652-t26_1-p1'],1000.0,0.0
CYTK1,atp_c + cmp_c --> adp_c + cdp_c,['NCER_101209-t26_1-p1'],1000.0,0.0
CYTK2,atp_c + dcmp_c --> adp_c + dcdp_c,['NCER_101209-t26_1-p1'],1000.0,0.0
DNTPPA,ahdt_c + h2o_c --> dhpmp_c + h_c + ppi_c,"['NCER_101005-t26_1-p1', 'NCER_100319-t26_1-p1', 'NCER_101270-t26_1-p1']",1000.0,0.0
G3PD7,2dmmq8_c + glyc3p_c --> 2dmmql8_c + dhap_c,['NCER_100642-t26_1-p1'],1000.0,0.0
GF6PTA,f6p_c + gln__L_c --> gam6p_c + glu__L_c,['NCER_100735-t26_1-p1'],1000.0,0.0
GLNTRS,atp_c + gln__L_c + trnagln_c --> amp_c + glntrna_c + ppi_c,"['NCER_102160-t26_1-p1', 'NCER_100619-t26_1-p1']",1000.0,0.0
GLYTRS,atp_c + gly_c + trnagly_c --> amp_c + glytrna_c + ppi_c,['NCER_101261-t26_1-p1'],1000.0,0.0
GPDDA1,g3pc_c + h2o_c --> chol_c + glyc3p_c + h_c,['NCER_100043-t26_1-p1'],1000.0,0.0
HISTRS,atp_c + his__L_c + trnahis_c --> amp_c + histrna_c + ppi_c,['NCER_101238-t26_1-p1'],1000.0,0.0
ILETRS,atp_c + ile__L_c + trnaile_c --> amp_c + iletrna_c + ppi_c,['NCER_100885-t26_1-p1'],1000.0,0.0
NDPK7,atp_c + dcdp_c --> adp_c + dctp_c,"['NCER_102036-t26_1-p1', 'NCER_101309-t26_1-p1']",1000.0,0.0
NDPK8,atp_c + dadp_c --> adp_c + datp_c,"['NCER_102036-t26_1-p1', 'NCER_101309-t26_1-p1']",1000.0,0.0
NTPP2,gtp_c + h2o_c --> gmp_c + h_c + ppi_c,['NCER_101274-t26_1-p1'],1000.0,0.0
NTPP9,h2o_c + itp_c --> h_c + imp_c + ppi_c,['NCER_101274-t26_1-p1'],1000.0,0.0
PAPSR2,grxrd_c + paps_c --> grxox_c + 2.0 h_c + pap_c + so3_c,['NCER_101563-t26_1-p1'],1000.0,0.0
PDH,coa_c + nad_c + pyr_c --> accoa_c + co2_c + nadh_c,"['NCER_101862-t26_1-p1', 'NCER_100821-t26_1-p1']",1000.0,0.0
PFK_3,atp_c + s7p_c --> adp_c + h_c + s17bp_c,['NCER_102427-t26_1-p1'],1000.0,0.0
PGK,3pg_c + atp_c --> 13dpg_c + adp_c,['NCER_101826-t26_1-p1'],1000.0,0.0
PGMT,g1p_c --> g6p_c,"['NCER_100272-t26_1-p1', 'NCER_101226-t26_1-p1']",1000.0,0.0
PMANM,man1p_c --> man6p_c,"['NCER_100660-t26_1-p1', 'NCER_102330-t26_1-p1', 'NCER_100272-t26_1-p1']",1000.0,0.0
PPA,h2o_c + ppi_c --> h_c + 2.0 pi_c,['NCER_100598-t26_1-p1'],1000.0,0.0
PROTRS,atp_c + pro__L_c + trnapro_c --> amp_c + ppi_c + protrna_c,['NCER_100753-t26_1-p1'],1000.0,0.0
RNDR1,adp_c + trdrd_c --> dadp_c + h2o_c + trdox_c,"['NCER_101343-t26_1-p1', 'NCER_100976-t26_1-p1', 'NCER_101672-t26_1-p1']",1000.0,0.0
RNDR4,trdrd_c + udp_c --> dudp_c + h2o_c + trdox_c,"['NCER_101343-t26_1-p1', 'NCER_100976-t26_1-p1', 'NCER_101672-t26_1-p1']",1000.0,0.0
RPE,ru5p__D_c --> xu5p__D_c,['NCER_100333-t26_1-p1'],1000.0,0.0
SERTRS,atp_c + ser__L_c + trnaser_c --> amp_c + ppi_c + sertrna_c,['NCER_100508-t26_1-p1'],1000.0,0.0
SUCBZL,atp_c + coa_c + sucbz_c --> amp_c + ppi_c + sbzcoa_c,['NCER_101315-t26_1-p1'],1000.0,0.0
SULR,5.0 h_c + 3.0 nadph_c + so3_c --> 3.0 h2o_c + h2s_c + 3.0 nadp_c,['NCER_100157-t26_1-p1'],1000.0,0.0
THZPSN3,atp_c + dhgly_c + dxyl5p_c + h_c + iscssh_c + nadph_c --> 4mpetz_c + amp_c + co2_c + 2.0 h2o_c + iscs_c + nadp_c + ppi_c,"['NCER_100398-t26_1-p1', 'NCER_101517-t26_1-p1']",1000.0,0.0
TRE6PP,h2o_c + tre6p_c --> pi_c + tre_c,"['NCER_100278-t26_1-p1', 'NCER_100283-t26_1-p1']",1000.0,0.0
TYRTRS,atp_c + trnatyr_c + tyr__L_c --> amp_c + ppi_c + tyrtrna_c,['NCER_100158-t26_1-p1'],1000.0,0.0
ATPS,atp_c + h2o_c --> adp_c + h_e + pi_c,['NCER_101005-t26_1-p1'],1000.0,0.0
CTPS1,atp_c + nh4_c + utp_c --> adp_c + ctp_c + 2.0 h_c + pi_c,['NCER_101402-t26_1-p1'],1000.0,0.0
DAGPYP_SC,h2o_c + 0.01 pa_SC_c --> 0.01 12dgr_SC_c + pi_c,['NCER_100617-t26_1-p1'],1000.0,0.0
DASYN_SC,ctp_c + h_c + 0.01 pa_SC_c --> 0.01 cdpdag_SC_c + ppi_c,['NCER_100462-t26_1-p1'],1000.0,0.0
ERGSTAT_SC,0.01 ergst_c + 0.655 hdcoa_c + 0.01 hexccoa_c + 0.27 odecoa_c + 0.02 pmtcoa_c + 0.03 stcoa_c + 0.015 tdcoa_c --> coa_c + 0.01 ergstest_SC_c,['NCER_100059-t26_1-p1'],1000.0,0.0
FACOAL140,atp_c + coa_c + ttdca_c --> amp_c + ppi_c + tdcoa_c,['NCER_101315-t26_1-p1'],1000.0,0.0
FACOAL141,atp_c + coa_c + ttdcea_c --> amp_c + ppi_c + tdecoa_c,['NCER_101315-t26_1-p1'],1000.0,0.0
FACOAL160,atp_c + coa_c + hdca_c --> amp_c + pmtcoa_c + ppi_c,['NCER_101315-t26_1-p1'],1000.0,0.0
FACOAL181,atp_c + coa_c + ocdcea_c --> amp_c + odecoa_c + ppi_c,['NCER_101315-t26_1-p1'],1000.0,0.0
FECOSTAT_SC,0.01 fecost_c + 0.655 hdcoa_c + 0.01 hexccoa_c + 0.27 odecoa_c + 0.02 pmtcoa_c + 0.03 stcoa_c + 0.015 tdcoa_c --> coa_c + 0.01 fecostest_SC_c,['NCER_100059-t26_1-p1'],1000.0,0.0
LANOSTAT_SC,0.655 hdcoa_c + 0.01 hexccoa_c + 0.01 lanost_c + 0.27 odecoa_c + 0.02 pmtcoa_c + 0.03 stcoa_c + 0.015 tdcoa_c --> coa_c + 0.01 lanostest_SC_c,['NCER_100059-t26_1-p1'],1000.0,0.0
LANOSTt,lanost_e --> lanost_c,['NCER_100637-t26_1-p1'],1000.0,0.0
PIN4K_SC,atp_c + 0.01 ptd1ino_SC_c --> adp_c + h_c + 0.01 ptd4ino_SC_c,['NCER_101196-t26_1-p1'],1000.0,0.0
TRIGS_SC,0.01 12dgr_SC_c + 0.02 dcacoa_c + 0.06 ddcacoa_c + 0.17 hdcoa_c + 0.09 ocdycacoa_c + 0.24 odecoa_c + 0.27 pmtcoa_c + 0.05 stcoa_c + 0.1 tdcoa_c --> coa_c + 0.01 triglyc_SC_c,['NCER_100059-t26_1-p1'],1000.0,0.0
YUMPS,r5p_c + ura_c --> h2o_c + psd5p_c,"['NCER_101809-t26_1-p1', 'NCER_100126-t26_1-p1', 'NCER_100100-t26_1-p1']",1000.0,0.0
ADKd,damp_c + datp_c --> 2.0 dadp_c,['NCER_102036-t26_1-p1'],1000.0,0.0
ATPS4r,adp_c + 4.0 h_e + pi_c --> atp_c + h2o_c + 3.0 h_c,"['NCER_100067-t26_1-p1', 'NCER_102049-t26_1-p1', 'NCER_101294-t26_1-p1', 'NCER_101035-t26_1-p1']",1000.0,0.0
FE2abc,atp_c + fe2_e + h2o_c --> adp_c + fe2_c + h_c + pi_c,['NCER_101380-t26_1-p1'],1000.0,0.0
OIVD3,3mop_c + coa_c + nad_c --> 2mbcoa_c + co2_c + nadh_c,['NCER_101862-t26_1-p1'],1000.0,0.0
PSUDS,2.0 h_c + r5p_c + ura_c --> h2o_c + psd5p_c,['NCER_100916-t26_1-p1'],1000.0,0.0
GLCR1TRA1,gicolipaAR1_c + udpg_c --> ggicolipaAR1_c + h_c + udp_c,['NCER_102274-t26_1-p1'],1000.0,0.0
G3PD,fad_c + glyc3p_c --> dhap_c + fadh2_c,['NCER_100642-t26_1-p1'],1000.0,0.0
ARBt2r,arab__L_e + h_e --> arab__L_c + h_c,['NCER_101601-t26_1-p1'],1000.0,0.0
OGCOAAT,3opimcoa_c + coa_c --> accoa_c + glutcoa_c + 5.0 h_c,['NCER_101355-t26_1-p1'],1000.0,0.0
FACOAL1832,atp_c + coa_c + lnlnca_c --> amp_c + lnlncacoa_c + ppi_c,['NCER_101315-t26_1-p1'],1000.0,0.0
CD2abc1,atp_c + cd2_c + h2o_c --> adp_c + cd2_e + h_c + pi_c,"['NCER_101371-t26_1-p1', 'NCER_101270-t26_1-p1']",1000.0,0.0
FRTT2,3hfrdp_c + ipdp_c --> 3hggdp_c + ppi_c,['NCER_100483-t26_1-p1'],1000.0,0.0
NTP6,dctp_c + h2o_c --> dcdp_c + h_c + pi_c,['NCER_101274-t26_1-p1'],1000.0,0.0
PAIL18111Z160t,atp_c + h2o_c + pail18111Z160_c --> adp_c + h_c + pail18111Z160_e + pi_c,"['NCER_100998-t26_1-p1', 'NCER_101354-t26_1-p1']",1000.0,0.0
PE1819Z1835Z9Z12Zt,atp_c + h2o_c + pe1819Z1835Z9Z12Z_c --> adp_c + h_c + pe1819Z1835Z9Z12Z_e + pi_c,"['NCER_100998-t26_1-p1', 'NCER_101354-t26_1-p1']",1000.0,0.0
PACOAL,atp_c + coa_c + pa_c --> amp_c + pacoa_c + ppi_c,['NCER_101315-t26_1-p1'],1000.0,0.0
FACOAL180_1,atp_c + coa_c + ocdca_c --> amp_c + ocdccoa_c + ppi_c,['NCER_101315-t26_1-p1'],1000.0,0.0
CDIPT18111Z160,cdp12dgr18111Z160_c + inost_c --> cmp_c + 2.0 h_c + pail18111Z160_c,['NCER_101400-t26_1-p1'],1000.0,0.0
DOLPMT,dolp_c + gdpmann_c --> dolmanp_c + gdp_c,['NCER_102274-t26_1-p1'],1000.0,0.0
ACTD2,actn__R_c + coa_c + nad_c --> acald_c + accoa_c + h_c + nadh_c,"['NCER_100451-t26_1-p1', 'NCER_101862-t26_1-p1', 'NCER_100821-t26_1-p1']",1000.0,0.0
GPDDA2,g3pe_c + h2o_c --> etha_c + glyc3p_c + h_c,['NCER_100043'],1000.0,0.0
r0422,icit_c + nadp_c --> HC01434_c + h_c + nadph_c,"['NCER_101349', 'NCER_101184', 'NCER_100048']",1000.0,0.0
PI3P5K_cho,atp_c + pail3p_cho_c --> adp_c + h_c + pail35p_cho_c,"['NCER_100077', 'NCER_101144', 'NCER_100404', 'NCER_100327']",1000.0,0.0
GALKr,atp_c + gal_c --> adp_c + gal1p_c + h_c,['NCER_100174'],1000.0,0.0
FBA2,f1p_c --> dhap_c + glyald_c,['NCER_100242'],1000.0,0.0
GUACYC,gtp_c --> 35cgmp_c + ppi_c,"['NCER_101010', 'NCER_100288', 'NCER_100266']",1000.0,0.0
GUAC,gtp_c --> 35cgmp_c + h_c + ppi_c,"['NCER_101010', 'NCER_100288', 'NCER_100266']",1000.0,0.0
UG6PGT,g6p_A_c + udpg_c --> h_c + tre6p_c + udp_c,['NCER_100278'],1000.0,0.0
ACPS,coa_c + h2o_c --> 2.0 h_c + pan4p_c + pap_c,"['NCER_100310', 'NCER_101876', 'NCER_100435', 'NCER_101577', 'NCER_101339']",1000.0,0.0
DNTP,apppa_c + h2o_c --> adp_c + amp_c + 2.0 h_c,"['NCER_102211', 'NCER_100351']",1000.0,0.0
AGPOP,dgdp_c + h_c + pep_c --> dgtp_c + pyr_c,['NCER_100383'],1000.0,0.0
SACCD1,L2aadp6sa_c + glu__L_c + h_c + nadph_c --> h2o_c + nadp_c + saccrp__L_c,['NCER_100412'],1000.0,0.0
TDP,h2o_c + thmpp_c --> h_c + pi_c + thmmp_c,"['NCER_100586', 'NCER_101746', 'NCER_101653', 'NCER_100708']",1000.0,0.0
ASNTRS_1,asn__L_c + atp_c + trnaasn_c --> amp_c + asntrna_c + h_c + ppi_c,['NCER_100652'],1000.0,0.0
r0777,HC01652_c + 4.0 h_c --> HC01710_c,['NCER_100701'],1000.0,0.0
NDP10ex,h2o_e + idp_e --> h_e + imp_e + pi_e,['NCER_100702'],1000.0,0.0
IDPA,h2o_c + idp_c --> h_c + imp_c + pi_c,['NCER_100702'],1000.0,0.0
FALGTHLs,fald_c + gthrd_c --> hmgth_c,['NCER_100725'],1000.0,0.0
GCCa,gly_c + h_c + lpro_c --> alpro_c + co2_c,['NCER_100776'],1000.0,0.0
DMATT,dmpp_c + ipdp_c --> grdp_c + ppi_c,"['NCER_100832', 'NCER_101910']",1000.0,0.0
G6PI3,g6p_B_c --> f6p_c,['NCER_100921'],1000.0,0.0
G6PI2,g6p_B_c --> f6p_B_c,['NCER_100921'],1000.0,0.0
3DSPHR,3dsphgn_c + h_c + nadph_c --> nadp_c + sphgn_c,['NCER_100987'],1000.0,0.0
ANPRT,anth_c + prpp_c --> ppi_c + pran_c,['NCER_101101'],1000.0,0.0
ASPTRS,asp__L_c + atp_c + trnaasp_c --> amp_c + asptrna_c + ppi_c,['NCER_101190'],1000.0,0.0
PIK4_cho,atp_c + pail_cho_c --> adp_c + h_c + pail4p_cho_c,['NCER_101196'],1000.0,0.0
NTPP7,dttp_c + h2o_c --> dtmp_c + h_c + ppi_c,['NCER_101274'],1000.0,0.0
ATPM,atp_c + h2o_c --> adp_c + h_c + pi_c,"['NCER_102433', 'NCER_102508', 'NCER_101306', 'NCER_101994', 'NCER_101680', 'NCER_101479']",1000.0,0.0
PMEVK,5pmev_c + atp_c --> 5dpmev_c + adp_c,['NCER_101368'],1000.0,0.0
SELNPS,atp_c + h2o_c + seln_c --> amp_c + pi_c + selnp_c,['NCER_101376'],1000.0,0.0
SELNPS_cho,atp_c + h2o_c + seln_c --> amp_c + 2.0 h_c + pi_c + selnp_c,['NCER_101376'],1000.0,0.0
PHACTE,h2o_c + phaccoa_c --> coa_c + pac_c,['NCER_101389'],1000.0,0.0
CDIPTr_cho,cdpdag_cho_c + inost_c --> cmp_c + h_c + pail_cho_c,['NCER_101400'],1000.0,0.0
GAPDi_nadp,13dpg_c + h_c + nadph_c --> g3p_c + nadp_c + pi_c,['NCER_101501'],1000.0,0.0
NT5C,h2o_c + nicrnt_c --> nicrns_c + pi_c,['NCER_101628'],1000.0,0.0
UDPGNP,h2o_c + udpglcur_c --> glcur_c + h_c + udp_c,['NCER_101845'],1000.0,0.0
PGL,6pgl_c + h2o_c --> 6pgc_c + h_c,['NCER_101901'],1000.0,0.0
ALLPI,all6p_c --> allul6p_c,['NCER_102078'],1000.0,0.0
PI45P5P_cho,h2o_c + pail45p_cho_c --> pail4p_cho_c + pi_c,['NCER_102104'],1000.0,0.0
TREH,h2o_c + tre_c --> 2.0 glc__D_c,"['NCER_102169', 'NCER_102597', 'NCER_102598']",1000.0,0.0
TREHe,h2o_e + tre_e --> 2.0 glc__D_e,"['NCER_102169', 'NCER_102597', 'NCER_102598']",1000.0,0.0
ETHAK,atp_c + etha_c --> adp_c + ethamp_c + h_c,['NCER_102276'],1000.0,0.0
5FLURAOR,5flura_c + nadph_c --> 56dh5flura_c + nadp_c,['NCER_102321'],1000.0,0.0
CAATPS_1,atp_c + ca2_c + h2o_c --> adp_c + ca2_e + h_e + pi_c,[],1000.0,0.0
PHEMEABCte,atp_c + h2o_c + pheme_c --> adp_c + h_c + pheme_e + pi_c,[],1000.0,0.0
NIabc,atp_c + h2o_c + ni2_e --> adp_c + h_c + ni2_c + pi_c,[],1000.0,0.0
MG2abc,atp_c + h2o_c + mg2_e --> adp_c + h_c + mg2_c + pi_c,[],1000.0,0.0
SELTORc,6.0 fdxrd_c + slnt_c --> 6.0 fdxox_c + 3.0 h2o_c + 6.0 h_c + seln_c,[],1000.0,0.0
MALTPTabc,atp_c + h2o_c + maltpt_e --> adp_c + h_c + maltpt_c + pi_c,[],1000.0,0.0
ATPS10_3,3.0 adp_c + 10.0 h_e + 3.0 pi_c --> 3.0 atp_c + 3.0 h2o_c + 7.0 h_c,[],1000.0,0.0
MALTTRabc,atp_c + h2o_c + malttr_e --> adp_c + h_c + malttr_c + pi_c,[],1000.0,0.0
Kabc,atp_c + h2o_c + k_e --> adp_c + h_c + k_c + pi_c,[],1000.0,0.0
HYDA,2.0 fdxrd_c --> 2.0 fdxox_c + h2_c + 2.0 h_c,[],1000.0,0.0
RPEc,2.0 ru5p__D_c --> 2.0 xu5p__D_c,[],1000.0,0.0
HACD5,3oddcoa_c + h_c + nadh_c --> 3hddcoa_c + nad_c,[],1000.0,0.0
MALTHXabc,atp_c + h2o_c + malthx_e --> adp_c + h_c + malthx_c + pi_c,[],1000.0,0.0
HACD9,3hmbcoa_c + nad_c --> 2maacoa_c + h_c + nadh_c,[],1000.0,0.0
HMR_0188,atp_c + coa_c + ddca_c --> amp_c + ddcacoa_c + ppi_c,[],1000.0,0.0
FASC180ACP,3.0 h_c + malACP_c + 2.0 nadph_c + palmACP_c --> ACP_c + co2_c + h2o_c + 2.0 nadp_c + ocdcaACP_c,[],1000.0,0.0
MALTTTRabc,atp_c + h2o_c + maltttr_e --> adp_c + h_c + maltttr_c + pi_c,[],1000.0,0.0
HACD4,3odcoa_c + h_c + nadh_c --> 3hdcoa_c + nad_c,[],1000.0,0.0
ATPS3r,adp_c + 3.0 h_e + pi_c --> atp_c + h2o_c + 2.0 h_c,[],1000.0,0.0
r2073_1,h_e + zn2_e --> h_c + zn2_c,[],1000.0,0.0
GTHRDH_syn,gthrd_c + h2o_c --> cgly_c + glu__L_c,[],1000.0,0.0
GALabc,atp_c + gal_e + h2o_c --> adp_c + gal_c + h_c + pi_c,[],1000.0,0.0
GLCabc,atp_c + glc__D_e + h2o_c --> adp_c + glc__D_c + h_c + pi_c,[],1000.0,0.0
r1530,atp_c + gthrd_c + h2o_c --> adp_c + gthrd_e + h_c + pi_c,[],1000.0,0.0
HKt,atp_c + h2o_c + k_e --> adp_c + h_e + k_c + pi_c,[],1000.0,0.0
HEMEti,atp_c + h2o_c + pheme_e --> adp_c + h_c + pheme_c + pi_c,[],1000.0,0.0
PALFATPtc,atp_c + coa_c + hdca_e --> amp_c + pmtcoa_c + ppi_c,[],1000.0,0.0
ACLSa,h_c + pyr_c + thmpp_c --> 2ahethmpp_c + co2_c,[],1000.0,0.0
HACD3i,3hocoa_c + nad_c --> 3oocoa_c + h_c + nadh_c,[],1000.0,0.0
HACD2i,3hhcoa_c + nad_c --> 3ohcoa_c + h_c + nadh_c,[],1000.0,0.0
PPA_1,h2o_c + ppi_c --> h_e + 2.0 pi_c,[],1000.0,0.0
MALTabc,atp_c + h2o_c + malt_e --> adp_c + h_c + malt_c + pi_c,[],1000.0,0.0
PGLc,3.0 6pgl_c + 3.0 h2o_c --> 3.0 6pgc_c + 3.0 h_c,[],1000.0,0.0
HACD3,3oocoa_c + h_c + nadh_c --> 3hocoa_c + nad_c,[],1000.0,0.0
FASC140ACP,ddcaACP_c + 3.0 h_c + malACP_c + 2.0 nadph_c --> ACP_c + co2_c + h2o_c + myrsACP_c + 2.0 nadp_c,[],1000.0,0.0
CDPDAGS_OLE_PALM,ctp_c + h_c + pa1819Z160_c --> cdp12dgr1819Z160_c + ppi_c,[],1000.0,0.0
THFAT,h2o_c + methf_c --> 5fthf_c + h_c,[],1000.0,0.0
FE2GTPabc,fe2_e + gtp_c + h2o_c --> fe2_c + gdp_c + h_c + pi_c,[],1000.0,0.0
MNt2,h_e + mn2_e --> h_c + mn2_c,[],1000.0,0.0
HACD6,3otdcoa_c + h_c + nadh_c --> 3htdcoa_c + nad_c,[],1000.0,0.0
HACD2,3ohcoa_c + h_c + nadh_c --> 3hhcoa_c + nad_c,[],1000.0,0.0
HACD7,3ohdcoa_c + h_c + nadh_c --> 3hhdcoa_c + nad_c,[],1000.0,0.0
GGTAe2,gthrd_e + h2o_e --> cgly_e + glu__L_e,[],1000.0,0.0
GTHPe,2.0 gthrd_e + h2o2_e --> gthox_e + 2.0 h2o_e,[],1000.0,0.0
SERTRS2,atp_c + ser__L_c + trnasecys_c --> amp_c + ppi_c + sertrna_sec_c,[],1000.0,0.0
FASC120ACP,dcaACP_c + 3.0 h_c + malACP_c + 2.0 nadph_c --> ACP_c + co2_c + ddcaACP_c + h2o_c + 2.0 nadp_c,[],1000.0,0.0
FASC160ACP,3.0 h_c + malACP_c + myrsACP_c + 2.0 nadph_c --> ACP_c + co2_c + h2o_c + 2.0 nadp_c + palmACP_c,[],1000.0,0.0
CYSabc,atp_c + cys__L_e + h2o_c --> adp_c + cys__L_c + h_c + pi_c,[],1000.0,0.0
HMR_0180,atp_c + coa_c + dca_c --> amp_c + dcacoa_c + ppi_c,[],1000.0,0.0
TTDCAFATPc,atp_c + coa_c + ttdca_e --> amp_c + ppi_c + tdcoa_c,[],1000.0,0.0
PE140abcppc,atp_c + h2o_c + pe140_c --> adp_c + h_c + pe140_e + pi_c,"['NCER_100674-t26_1-p1', 'NCER_100032-t26_1-p1', 'NCER_100673-t26_1-p1', 'NCER_100668-t26_1-p1']",1000.0,0.0
ANTPPTc,anth_c + prpp_c --> h_c + ppi_c + pran_c,['NCER_101101'],1000.0,0.0
PE160abcppc,atp_c + h2o_c + pe160_c --> adp_c + h_c + pe160_e + pi_c,"['NCER_100674-t26_1-p1', 'NCER_100032-t26_1-p1', 'NCER_100673-t26_1-p1', 'NCER_100668-t26_1-p1']",1000.0,0.0
DOLPMMerc,dolmanp_c --> dolp_c + h_c + mannan_c,['NCER_100505-t26_1-p1'],1000.0,0.0
PG160abcppc,atp_c + h2o_c + pg160_c --> adp_c + h_c + pg160_e + pi_c,"['NCER_100674-t26_1-p1', 'NCER_100032-t26_1-p1', 'NCER_100673-t26_1-p1', 'NCER_100668-t26_1-p1']",1000.0,0.0
PE161abcppc,atp_c + h2o_c + pe161_c --> adp_c + h_c + pe161_e + pi_c,"['NCER_100674-t26_1-p1', 'NCER_100032-t26_1-p1', 'NCER_100673-t26_1-p1', 'NCER_100668-t26_1-p1']",1000.0,0.0
PGKhc,13dpg_c + adp_c --> 3pg_c + atp_c,['NCER_101826'],1000.0,0.0
PGP120abcppc,atp_c + h2o_c + pgp120_c --> adp_c + h_c + pgp120_e + pi_c,"['NCER_100674-t26_1-p1', 'NCER_100032-t26_1-p1', 'NCER_100673-t26_1-p1', 'NCER_100668-t26_1-p1']",1000.0,0.0
PG120abcppc,atp_c + h2o_c + pg120_c --> adp_c + h_c + pg120_e + pi_c,"['NCER_100674-t26_1-p1', 'NCER_100032-t26_1-p1', 'NCER_100673-t26_1-p1', 'NCER_100668-t26_1-p1']",1000.0,0.0
PGKmc,13dpg_c + adp_c --> 3pg_c + atp_c,['NCER_101826'],1000.0,0.0
PGP141abcppc,atp_c + h2o_c + pgp141_c --> adp_c + h_c + pgp141_e + pi_c,"['NCER_100674-t26_1-p1', 'NCER_100032-t26_1-p1', 'NCER_100673-t26_1-p1', 'NCER_100668-t26_1-p1']",1000.0,0.0
PG140abcppc,atp_c + h2o_c + pg140_c --> adp_c + h_c + pg140_e + pi_c,"['NCER_100674-t26_1-p1', 'NCER_100032-t26_1-p1', 'NCER_100673-t26_1-p1', 'NCER_100668-t26_1-p1']",1000.0,0.0
PG181abcppc,atp_c + h2o_c + pg181_c --> adp_c + h_c + pg181_e + pi_c,"['NCER_100674-t26_1-p1', 'NCER_100032-t26_1-p1', 'NCER_100673-t26_1-p1', 'NCER_100668-t26_1-p1']",1000.0,0.0
GLPThic,atp_c + g1p_c --> adpglc_c + ppi_c,"['NCER_100779', 'NCER_100311']",1000.0,0.0
DXHPScmc,h2o_c + q6_c + spmd_c --> 13dampp_c + 4abutn_c + q6h2_c,['NCER_100851-t26_1-p1'],1000.0,0.0
HEMEOMOmc,hemeO_c + nadh_c + o2_c --> h2o_c + hemeA_c + nad_c,['NCER_101557-t26_1-p1'],1000.0,0.0
SACCD4mc,h2o_c + nadp_c + saccrp__L_c --> L2aadp6sa_c + glu__L_c + h_c + nadph_c,['NCER_100412'],1000.0,0.0
PGP161abcppc,atp_c + h2o_c + pgp161_c --> adp_c + h_c + pgp161_e + pi_c,"['NCER_100674-t26_1-p1', 'NCER_100032-t26_1-p1', 'NCER_100673-t26_1-p1', 'NCER_100668-t26_1-p1']",1000.0,0.0
PGP180abcppc,atp_c + h2o_c + pgp180_c --> adp_c + h_c + pgp180_e + pi_c,"['NCER_100674-t26_1-p1', 'NCER_100032-t26_1-p1', 'NCER_100673-t26_1-p1', 'NCER_100668-t26_1-p1']",1000.0,0.0
ENLIPAabctexc,atp_c + enlipa_e + h2o_c --> adp_c + enlipa_c + h_c + pi_c,['NCER_100318-t26_1-p1'],1000.0,0.0
K2L4Aabcppc,atp_c + h2o_c + kdo2lipid4_c --> adp_c + h_c + kdo2lipid4_e + pi_c,"['NCER_100674-t26_1-p1', 'NCER_100032-t26_1-p1', 'NCER_100673-t26_1-p1', 'NCER_100668-t26_1-p1']",1000.0,0.0
ACACT4pc,3odcoa_c + coa_c --> accoa_c + occoa_c,['NCER_101355-t26_1-p1'],1000.0,0.0
K2L4Aabctexc,atp_c + h2o_c + kdo2lipid4_e --> adp_c + h_c + kdo2lipid4_c + pi_c,['NCER_100318-t26_1-p1'],1000.0,0.0
FACOAL140t2ppc,atp_c + coa_c + h_e + ttdca_e --> amp_c + h_c + ppi_c + tdcoa_c,['NCER_101315-t26_1-p1'],1000.0,0.0
MOD_4mopc,4mop_c + h_c + thmpp_c --> 3mhtpp_c + co2_c,['NCER_101862-t26_1-p1'],1000.0,0.0
FACOAL141t2ppc,atp_c + coa_c + h_e + ttdcea_e --> amp_c + h_c + ppi_c + tdecoa_c,['NCER_101315-t26_1-p1'],1000.0,0.0
FACOAL160t2ppc,atp_c + coa_c + h_e + hdca_e --> amp_c + h_c + pmtcoa_c + ppi_c,['NCER_101315-t26_1-p1'],1000.0,0.0
FAO161p_evenc,7.0 coa_c + 7.0 h2o_c + hdcoa_c + 7.0 nad_c + nadph_c + 7.0 o2_c --> 8.0 accoa_c + 7.0 h2o2_c + 6.0 h_c + 7.0 nadh_c + nadp_c,['NCER_101355-t26_1-p1'],1000.0,0.0
SALCHS4FEabcppc,atp_c + h2o_c + salchs4fe_e --> adp_c + h_c + pi_c + salchs4fe_c,['NCER_102117-t26_1-p1'],1000.0,0.0
FACOAL181t2ppc,atp_c + coa_c + h_e + ocdcea_e --> amp_c + h_c + odecoa_c + ppi_c,['NCER_101315-t26_1-p1'],1000.0,0.0
FAO80pc,3.0 coa_c + 3.0 h2o_c + 3.0 nad_c + 3.0 o2_c + occoa_c --> 4.0 accoa_c + 3.0 h2o2_c + 3.0 h_c + 3.0 nadh_c,['NCER_101355-t26_1-p1'],1000.0,0.0
FACOAL60t2ppc,atp_c + coa_c + h_e + hxa_e --> amp_c + h_c + hxcoa_c + ppi_c,['NCER_101315-t26_1-p1'],1000.0,0.0
FAS100ACPmc,3.0 h_c + malACP_c + 2.0 nadph_c + ocACP_c --> ACP_c + co2_c + dcaACP_c + h2o_c + 2.0 nadp_c,['NCER_101810-t26_1-p1'],1000.0,0.0
FPPShc,grdp_c + ipdp_c --> frdp_c + h_c + ppi_c,['NCER_101910-t26_1-p1'],1000.0,0.0
FAS161ACPmc,4.0 h_c + malACP_c + myrsACP_c + 3.0 nadph_c + o2_c --> ACP_c + co2_c + 3.0 h2o_c + hdeACP_c + 3.0 nadp_c,['NCER_101810-t26_1-p1'],1000.0,0.0
O16A4COLIPAabctexc,atp_c + h2o_c + o16a4colipa_e --> adp_c + h_c + o16a4colipa_c + pi_c,['NCER_100318-t26_1-p1'],1000.0,0.0
PFKhc,atp_c + f6p_B_c --> adp_c + fdp_B_c + h_c,['NCER_102427'],1000.0,0.0
GCLDHc,fdxox_c + glyclt_c --> fdxrd_c + glx_c,['NCER_101557-t26_1-p1'],1000.0,0.0
PGMfc,3pg_c --> 2pg_c,['NCER_101226'],1000.0,0.0
ACACT3c,3oocoa_c + coa_c --> accoa_c + hxcoa_c,['NCER_101355-t26_1-p1'],1000.0,0.0
LIPAabctexc,atp_c + h2o_c + lipa_e --> adp_c + h_c + lipa_c + pi_c,['NCER_100318-t26_1-p1'],1000.0,0.0
FE3DHBZSabcppc,atp_c + fe3dhbzs_e + h2o_c --> adp_c + fe3dhbzs_c + h_c + pi_c,['NCER_102117-t26_1-p1'],1000.0,0.0
SALCHS2FEabcppc,atp_c + h2o_c + salchs2fe_e --> adp_c + h_c + pi_c + salchs2fe_c,['NCER_102117-t26_1-p1'],1000.0,0.0
FAO141p_evenc,6.0 coa_c + 6.0 h2o_c + 6.0 nad_c + nadph_c + 6.0 o2_c + tdecoa_c --> 7.0 accoa_c + 6.0 h2o2_c + 5.0 h_c + 6.0 nadh_c + nadp_c,['NCER_101355-t26_1-p1'],1000.0,0.0
G12MT1gc,gdpmann_c + m2macchitppdol_c --> gdp_c + h_c + m3macchitppdol_c,['NCER_101962-t26_1-p1'],1000.0,0.0
FAO161p_oddc,7.0 coa_c + 7.0 h2o_c + hdcoa_c + 7.0 nad_c + 6.0 o2_c --> 8.0 accoa_c + 6.0 h2o2_c + 7.0 h_c + 7.0 nadh_c,['NCER_101355-t26_1-p1'],1000.0,0.0
MODc,3mob_c + h_c + thmpp_c --> 2mhop_c + co2_c,['NCER_101862-t26_1-p1'],1000.0,0.0
FEENTERabcppc,atp_c + feenter_e + h2o_c --> adp_c + feenter_c + h_c + pi_c,['NCER_102117-t26_1-p1'],1000.0,0.0
PA161abcppc,atp_c + h2o_c + pa161_c --> adp_c + h_c + pa161_e + pi_c,"['NCER_100674-t26_1-p1', 'NCER_100032-t26_1-p1', 'NCER_100673-t26_1-p1', 'NCER_100668-t26_1-p1']",1000.0,0.0
FAO181p_evenc,8.0 coa_c + 8.0 h2o_c + 8.0 nad_c + nadph_c + 8.0 o2_c + odecoa_c --> 9.0 accoa_c + 8.0 h2o2_c + 7.0 h_c + 8.0 nadh_c + nadp_c,['NCER_101355-t26_1-p1'],1000.0,0.0
MOD_3mopc,3mop_c + h_c + thmpp_c --> 2mhob_c + co2_c,['NCER_101862-t26_1-p1'],1000.0,0.0
FAO181p_oddc,8.0 coa_c + 8.0 h2o_c + 8.0 nad_c + 7.0 o2_c + odecoa_c --> 9.0 accoa_c + 7.0 h2o2_c + 8.0 h_c + 8.0 nadh_c,['NCER_101355-t26_1-p1'],1000.0,0.0
FAO182p_evenevenc,8.0 coa_c + 8.0 h2o_c + 8.0 nad_c + 2.0 nadph_c + 8.0 o2_c + ocdycacoa_c --> 9.0 accoa_c + 8.0 h2o2_c + 6.0 h_c + 8.0 nadh_c + 2.0 nadp_c,['NCER_101355-t26_1-p1'],1000.0,0.0
FAO182p_evenoddc,8.0 coa_c + 8.0 h2o_c + 8.0 nad_c + nadph_c + 7.0 o2_c + ocdycacoa_c --> 9.0 accoa_c + 7.0 h2o2_c + 7.0 h_c + 8.0 nadh_c + nadp_c,['NCER_101355-t26_1-p1'],1000.0,0.0
PGMmc,3pg_c --> 2pg_c,['NCER_101226'],1000.0,0.0
FAO240pc,3.0 coa_c + 3.0 h2o_c + 3.0 nad_c + 3.0 o2_c + ttccoa_c --> 3.0 accoa_c + 3.0 h2o2_c + 3.0 h_c + 3.0 nadh_c + stcoa_c,['NCER_101355-t26_1-p1'],1000.0,0.0
FAO141p_oddc,6.0 coa_c + 6.0 h2o_c + 6.0 nad_c + 5.0 o2_c + tdecoa_c --> 7.0 accoa_c + 5.0 h2o2_c + 6.0 h_c + 6.0 nadh_c,['NCER_101355-t26_1-p1'],1000.0,0.0
PE141abcppc,atp_c + h2o_c + pe141_c --> adp_c + h_c + pe141_e + pi_c,"['NCER_100674-t26_1-p1', 'NCER_100032-t26_1-p1', 'NCER_100673-t26_1-p1', 'NCER_100668-t26_1-p1']",1000.0,0.0
FAO182p_oddoddc,8.0 coa_c + 8.0 h2o_c + 8.0 nad_c + 6.0 o2_c + ocdycacoa_c --> 9.0 accoa_c + 6.0 h2o2_c + 8.0 h_c + 8.0 nadh_c,['NCER_101355-t26_1-p1'],1000.0,0.0
COLIPAabcppc,atp_c + colipa_c + h2o_c --> adp_c + colipa_e + h_c + pi_c,"['NCER_100674-t26_1-p1', 'NCER_100032-t26_1-p1', 'NCER_100673-t26_1-p1']",1000.0,0.0
GLYDHDc,gly_c + lpro_c --> alpro_c + co2_c,['NCER_100776'],1000.0,0.0
ATGDmc,atp_c + gdp_c + h_c --> adp_c + gtp_c,['NCER_101309-t26_1-p1'],1000.0,0.0
ECA4COLIPAabctexc,atp_c + eca4colipa_e + h2o_c --> adp_c + eca4colipa_c + h_c + pi_c,['NCER_100318-t26_1-p1'],1000.0,0.0
COLIPAabctexc,atp_c + colipa_e + h2o_c --> adp_c + colipa_c + h_c + pi_c,['NCER_100318-t26_1-p1'],1000.0,0.0
PG161abcppc,atp_c + h2o_c + pg161_c --> adp_c + h_c + pg161_e + pi_c,"['NCER_100674-t26_1-p1', 'NCER_100032-t26_1-p1', 'NCER_100673-t26_1-p1', 'NCER_100668-t26_1-p1']",1000.0,0.0
FAS182ACPmc,5.0 h_c + malACP_c + 4.0 nadph_c + 2.0 o2_c + palmACP_c --> ACP_c + co2_c + 5.0 h2o_c + 4.0 nadp_c + ocdcyaACP_c,['NCER_101810-t26_1-p1'],1000.0,0.0
CPGNabcppc,atp_c + cpgn_e + h2o_c --> adp_c + cpgn_c + h_c + pi_c,['NCER_100637-t26_1-p1'],1000.0,0.0
PGP160abcppc,atp_c + h2o_c + pgp160_c --> adp_c + h_c + pgp160_e + pi_c,"['NCER_100674-t26_1-p1', 'NCER_100032-t26_1-p1', 'NCER_100673-t26_1-p1', 'NCER_100668-t26_1-p1']",1000.0,0.0
PGP181abcppc,atp_c + h2o_c + pgp181_c --> adp_c + h_c + pgp181_e + pi_c,"['NCER_100674-t26_1-p1', 'NCER_100032-t26_1-p1', 'NCER_100673-t26_1-p1', 'NCER_100668-t26_1-p1']",1000.0,0.0
PGKfc,13dpg_c + adp_c --> 3pg_c + atp_c,['NCER_101826'],1000.0,0.0
CDPDGPm_SCc,0.01 cdpdag_SC_c + glyc3p_c --> cmp_c + h_c + 0.01 pgp_SC_c,['NCER_102025-t26_1-p1'],1000.0,0.0
FECRMabcppc,atp_c + fecrm_e + h2o_c --> adp_c + fecrm_c + h_c + pi_c,['NCER_100637-t26_1-p1'],1000.0,0.0
FAS80ACPm_Lc,acACP_c + 9.0 h_c + 3.0 malACP_c + 6.0 nadph_c --> 3.0 ACP_c + 3.0 co2_c + 3.0 h2o_c + 6.0 nadp_c + ocACP_c,['NCER_101810-t26_1-p1'],1000.0,0.0
G12MT2gc,gdpmann_c + m3macchitppdol_c --> gdp_c + h_c + m4macchitppdol_c,['NCER_101962-t26_1-p1'],1000.0,0.0
FACOAL120t2ppc,atp_c + coa_c + ddca_e + h_e --> amp_c + ddcacoa_c + h_c + ppi_c,['NCER_101315-t26_1-p1'],1000.0,0.0
FEOXAMabcppc,atp_c + feoxam_e + h2o_c --> adp_c + feoxam_c + h_c + pi_c,['NCER_100637-t26_1-p1'],1000.0,0.0
FACOAL80t2ppc,atp_c + coa_c + h_e + octa_e --> amp_c + h_c + occoa_c + ppi_c,['NCER_101315-t26_1-p1'],1000.0,0.0
MOD_2mbdhlc,2mhob_c + lpam_c --> 2mbdhl_c + thmpp_c,['NCER_101862-t26_1-p1'],1000.0,0.0
FE3DCITabcppc,atp_c + fe3dcit_e + h2o_c --> adp_c + 2.0 cit_c + fe3_c + h_c + pi_c,['NCER_100637-t26_1-p1'],1000.0,0.0
ACACT5pc,3oddcoa_c + coa_c --> accoa_c + dcacoa_c,['NCER_101355-t26_1-p1'],1000.0,0.0
PS141abcppc,atp_c + h2o_c + ps141_c --> adp_c + h_c + pi_c + ps141_e,['NCER_100668-t26_1-p1'],1000.0,0.0
PS161abcppc,atp_c + h2o_c + ps161_c --> adp_c + h_c + pi_c + ps161_e,['NCER_100668-t26_1-p1'],1000.0,0.0
ACACT6pc,3otdcoa_c + coa_c --> accoa_c + ddcacoa_c,['NCER_101355-t26_1-p1'],1000.0,0.0
ACACT7pc,3ohdcoa_c + coa_c --> accoa_c + tdcoa_c,['NCER_101355-t26_1-p1'],1000.0,0.0
ENLIPIDAt1exc,LptA_e + enlipidA_e --> enlipidA_LptA_e,['NCER_100318-t26_1-p1'],1000.0,0.0
14GLUCANabcppc,14glucan_e + atp_c + h2o_c --> 14glucan_c + adp_c + h_c + pi_c,['NCER_100095-t26_1-p1'],1000.0,0.0
FE3Gabcppc,fe3_e + gtp_c + h2o_c --> fe3_c + gdp_c + h_c + pi_c,['NCER_100942-t26_1-p1'],1000.0,0.0
KATpc,3oacoa_c + coa_c --> accoa_c + acoa_c,['NCER_101355-t26_1-p1'],1000.0,0.0
GM1LIPAabcppc,atp_c + h2o_c + hghhlipa_c --> adp_c + h_c + hghhlipa_e + pi_c,['NCER_100668-t26_1-p1'],1000.0,0.0
GM2LIPAabcppc,atp_c + h2o_c + hghhlipan_c --> adp_c + h_c + hghhlipan_e + pi_c,['NCER_100668-t26_1-p1'],1000.0,0.0
PA120abcppc,atp_c + h2o_c + pa120_c --> adp_c + h_c + pa120_e + pi_c,"['NCER_100674-t26_1-p1', 'NCER_100032-t26_1-p1', 'NCER_100673-t26_1-p1', 'NCER_100668-t26_1-p1']",1000.0,0.0
ACACT9pc,3ohxccoa_c + coa_c --> accoa_c + ttccoa_c,['NCER_101355-t26_1-p1'],1000.0,0.0
PA180abcppc,atp_c + h2o_c + pa180_c --> adp_c + h_c + pa180_e + pi_c,"['NCER_100674-t26_1-p1', 'NCER_100032-t26_1-p1', 'NCER_100673-t26_1-p1', 'NCER_100668-t26_1-p1']",1000.0,0.0
PA181abcppc,atp_c + h2o_c + pa181_c --> adp_c + h_c + pa181_e + pi_c,"['NCER_100674-t26_1-p1', 'NCER_100032-t26_1-p1', 'NCER_100673-t26_1-p1', 'NCER_100668-t26_1-p1']",1000.0,0.0
PS181abcppc,atp_c + h2o_c + ps181_c --> adp_c + h_c + pi_c + ps181_e,['NCER_100668-t26_1-p1'],1000.0,0.0
GPPShc,dmpp_c + ipdp_c --> grdp_c + h_c + ppi_c,"['NCER_100832', 'NCER_101910']",1000.0,0.0
PE120abcppc,atp_c + h2o_c + pe120_c --> adp_c + h_c + pe120_e + pi_c,"['NCER_100674-t26_1-p1', 'NCER_100032-t26_1-p1', 'NCER_100673-t26_1-p1', 'NCER_100668-t26_1-p1']",1000.0,0.0
FAS141ACPmc,ddcaACP_c + 4.0 h_c + malACP_c + 3.0 nadph_c + o2_c --> ACP_c + co2_c + 3.0 h2o_c + 3.0 nadp_c + tdeACP_c,['NCER_101810-t26_1-p1'],1000.0,0.0
PE180abcppc,atp_c + h2o_c + pe180_c --> adp_c + h_c + pe180_e + pi_c,"['NCER_100674-t26_1-p1', 'NCER_100032-t26_1-p1', 'NCER_100673-t26_1-p1', 'NCER_100668-t26_1-p1']",1000.0,0.0
PE181abcppc,atp_c + h2o_c + pe181_c --> adp_c + h_c + pe181_e + pi_c,"['NCER_100674-t26_1-p1', 'NCER_100032-t26_1-p1', 'NCER_100673-t26_1-p1', 'NCER_100668-t26_1-p1']",1000.0,0.0
FAS181ACPmc,4.0 h_c + malACP_c + 3.0 nadph_c + o2_c + palmACP_c --> ACP_c + co2_c + 3.0 h2o_c + 3.0 nadp_c + octeACP_c,['NCER_101810-t26_1-p1'],1000.0,0.0
PG141abcppc,atp_c + h2o_c + pg141_c --> adp_c + h_c + pg141_e + pi_c,"['NCER_100674-t26_1-p1', 'NCER_100032-t26_1-p1', 'NCER_100673-t26_1-p1', 'NCER_100668-t26_1-p1']",1000.0,0.0
CLIPAabctexc,atp_c + h2o_c + lipa_cold_e --> adp_c + h_c + lipa_cold_c + pi_c,['NCER_100318-t26_1-p1'],1000.0,0.0
FBA3hic,dhap_c + e4p_c --> s17bp_c,['NCER_100242-t26_1-p1'],1000.0,0.0
PG180abcppc,atp_c + h2o_c + pg180_c --> adp_c + h_c + pg180_e + pi_c,"['NCER_100674-t26_1-p1', 'NCER_100032-t26_1-p1', 'NCER_100673-t26_1-p1', 'NCER_100668-t26_1-p1']",1000.0,0.0
PGP140abcppc,atp_c + h2o_c + pgp140_c --> adp_c + h_c + pgp140_e + pi_c,"['NCER_100674-t26_1-p1', 'NCER_100032-t26_1-p1', 'NCER_100673-t26_1-p1', 'NCER_100668-t26_1-p1']",1000.0,0.0
COLIPAPabctexc,atp_c + colipap_e + h2o_c --> adp_c + colipap_c + h_c + pi_c,['NCER_100318-t26_1-p1'],1000.0,0.0
PS140abcppc,atp_c + h2o_c + ps140_c --> adp_c + h_c + pi_c + ps140_e,['NCER_100668-t26_1-p1'],1000.0,0.0
ACOLIPAabctexc,acolipa_e + atp_c + h2o_c --> acolipa_c + adp_c + h_c + pi_c,['NCER_100318-t26_1-p1'],1000.0,0.0
r0202c,glyc3p_c + nad_c --> dhap_c + h_c + nadh_c,"['NCER_102645', 'NCER_102351', 'NCER_100113', 'NCER_101278']",1000.0,0.0
PS180abcppc,atp_c + h2o_c + ps180_c --> adp_c + h_c + pi_c + ps180_e,['NCER_100668-t26_1-p1'],1000.0,0.0
MATmc,atp_c + h2o_c + met__L_c --> amet_c + h_c + pi_c + ppi_c,['NCER_100321-t26_1-p1'],1000.0,0.0
FACOAL100t2ppc,atp_c + coa_c + dca_e + h_e --> amp_c + dcacoa_c + h_c + ppi_c,['NCER_101315-t26_1-p1'],1000.0,0.0
LIPACabcppc,atp_c + h2o_c + lipa_cold_c --> adp_c + h_c + lipa_cold_e + pi_c,"['NCER_100674-t26_1-p1', 'NCER_100032-t26_1-p1', 'NCER_100673-t26_1-p1']",1000.0,0.0
FACOAL161t2ppc,atp_c + coa_c + h_e + hdcea_e --> amp_c + h_c + hdcoa_c + ppi_c,['NCER_101315-t26_1-p1'],1000.0,0.0
LIPAabcppc,atp_c + h2o_c + lipa_c --> adp_c + h_c + lipa_e + pi_c,"['NCER_100674-t26_1-p1', 'NCER_100032-t26_1-p1', 'NCER_100673-t26_1-p1', 'NCER_100668-t26_1-p1']",1000.0,0.0
FACOAL180t2ppc,atp_c + coa_c + h_e + ocdca_e --> amp_c + h_c + ppi_c + stcoa_c,['NCER_101315-t26_1-p1'],1000.0,0.0
OHPHM6nc,2ohph_5_c + amet_c --> 2omph_5_c + ahcys_c + h_c,['NCER_100912-t26_1-p1'],1000.0,0.0
HMNOc,3hib_c + nad_c --> h_c + mmtsa_c + nadh_c,['NCER_102544-t26_1-p1'],1000.0,0.0
MOD_2mhopc,2mhop_c + lpam_c --> 2mpdhl_c + thmpp_c,['NCER_101862-t26_1-p1'],1000.0,0.0
MOD_3mhtppc,3mhtpp_c + lpam_c --> 3mbdhl_c + thmpp_c,['NCER_101862-t26_1-p1'],1000.0,0.0
HG2abcppc,atp_c + h2o_c + hg2_c --> adp_c + h_c + hg2_e + pi_c,['NCER_101270-t26_1-p1'],1000.0,0.0
IDPhc,h2o_c + ppi_c --> 2.0 pi_c,['NCER_100598-t26_1-p1'],1000.0,0.0
IDPmc,h2o_c + ppi_c --> 2.0 pi_c,['NCER_100598-t26_1-p1'],1000.0,0.0
GLYATxc,accoa_c + gly_c --> 2aobut_c + coa_c + h_c,['NCER_100379-t26_1-p1'],1000.0,0.0
ARBTNabcppc,arbtn_fe3_e + atp_c + h2o_c --> adp_c + arbtn_fe3_c + h_c + pi_c,['NCER_100637-t26_1-p1'],1000.0,0.0
FE3HOXabcppc,atp_c + fe3hox_e + h2o_c --> adp_c + fe3hox_c + h_c + pi_c,['NCER_100637-t26_1-p1'],1000.0,0.0
PA141abcppc,atp_c + h2o_c + pa141_c --> adp_c + h_c + pa141_e + pi_c,"['NCER_100674-t26_1-p1', 'NCER_100032-t26_1-p1', 'NCER_100673-t26_1-p1', 'NCER_100668-t26_1-p1']",1000.0,0.0
PS120abcppc,atp_c + h2o_c + ps120_c --> adp_c + h_c + pi_c + ps120_e,['NCER_100668-t26_1-p1'],1000.0,0.0
PS160abcppc,atp_c + h2o_c + ps160_c --> adp_c + h_c + pi_c + ps160_e,['NCER_100668-t26_1-p1'],1000.0,0.0
PA140abcppc,atp_c + h2o_c + pa140_c --> adp_c + h_c + pa140_e + pi_c,"['NCER_100674-t26_1-p1', 'NCER_100032-t26_1-p1', 'NCER_100673-t26_1-p1', 'NCER_100668-t26_1-p1']",1000.0,0.0
FBAfc,fdp_B_c --> dhap_c + g3p_c,['NCER_100242-t26_1-p1'],1000.0,0.0
FBAhc,fdp_B_c --> dhap_c + g3p_c,['NCER_100242-t26_1-p1'],1000.0,0.0
PA160abcppc,atp_c + h2o_c + pa160_c --> adp_c + h_c + pa160_e + pi_c,"['NCER_100674-t26_1-p1', 'NCER_100032-t26_1-p1', 'NCER_100673-t26_1-p1', 'NCER_100668-t26_1-p1']",1000.0,0.0
ACACT2c,3ohcoa_c + coa_c --> accoa_c + btcoa_c,['NCER_101355-t26_1-p1'],1000.0,0.0
FBAmc,fdp_B_c --> dhap_c + g3p_c,['NCER_100242-t26_1-p1'],1000.0,0.0
PDHam2hic,2ahethmpp_c + lpam_c --> adhlam_c + thmpp_c,"['NCER_101862-t26_1-p1', 'NCER_100821-t26_1-p1']",1000.0,0.0
PDHam2mic,2ahethmpp_c + lpam_c --> adhlam_c + thmpp_c,"['NCER_101862-t26_1-p1', 'NCER_100821-t26_1-p1']",1000.0,0.0
ATDGDmc,atp_c + dgdp_c + h_c --> adp_c + dgtp_c,['NCER_101309-t26_1-p1'],1000.0,0.0
generic_biomass,0.1364 ala__L_c + 0.1349 arg__L_c + 0.6245 asn__L_c + 0.2994 asp__L_c + 60.01 atp_c + 0.0674 cys__L_c + 0.1353 gln__L_c + 0.3505 glu__L_c + 0.1827 gly_c + 0.1063 his__L_c + 0.3566 ile__L_c + 0.3405 leu__L_c + 0.5124 lys__L_c + 0.1019 met__L_c + 0.1823 phe__L_c + 0.1085 pro__L_c + 0.3055 ser__L_c + 0.2045 thr__L_c + 0.02095 trp__L_c + 0.1379 tyr__L_c + 0.203 val__L_c --> 59.81 adp_c + biomass_c + 59.81 h_c + 59.806 pi_c,[],1000.0,0.0
protein_bm,0.1364 alatrna_c + 0.1349 argtrna_c + 0.6245 asntrna_c + 0.2994 asptrna_c + 0.0674 cystrna_c + 0.1 fmettrna_c + 0.1353 glntrna_c + 0.3505 glutrna_c + 0.1827 glytrna_c + 0.1063 histrna_c + 0.3566 iletrna_c + 0.3405 leutrna_c + 0.5124 lystrna_c + 0.1019 mettrna_c + 0.1823 phetrna_c + 0.1085 protrna_c + 0.3055 sertrna_c + 0.2045 thrtrna_c + 0.02095 trptrna_c + 0.1379 tyrtrna_c + 0.203 valtrna_c --> bm_protein_c,[],1000.0,0.0
Protein_t,bm_protein_c --> protein_e,[],1000.0,0.0
DM_bm,biomass_c --> ,[],1000.0,0.0
dgl_prod3,12dgr140_c --> all_dgl_c,[],1000.0,0.0
dgl_prod6,12dgr161_c --> all_dgl_c,[],1000.0,0.0
dgl_prod8,12dgr181_c --> all_dgl_c,[],1000.0,0.0
dgl_prod7,12dgr180_c --> all_dgl_c,[],1000.0,0.0
dgl_prod4,12dgr141_c --> all_dgl_c,[],1000.0,0.0
dgl_prod1,dag_c --> all_dgl_c,[],1000.0,0.0
dgl_prod5,12dgr160_c --> all_dgl_c,[],1000.0,0.0
dgl_prod2,12dgr120_c --> all_dgl_c,[],1000.0,0.0
lipid_bm,all_dgl_c --> bm_lipid_c,[],1000.0,0.0
EX_arab__L_e,arab__L_e <=> ,[],1000.0,-1000.0
EX_cpgn_e,cpgn_e <=> ,[],1000.0,-1000.0
EX_cu2_e,cu2_e <=> ,[],1000.0,-1000.0
EX_cys__L_e,cys__L_e <=> ,[],1000.0,-1000.0
EX_ddca_e,ddca_e <=> ,[],1000.0,-1000.0
EX_enlipa_e,enlipa_e <=> ,[],1000.0,-1000.0
EX_fe3_e,fe3_e <=> ,[],1000.0,-1000.0
EX_fe3dcit_e,fe3dcit_e <=> ,[],1000.0,-1000.0
EX_fecrm_e,fecrm_e <=> ,[],1000.0,-1000.0
EX_feenter_e,feenter_e <=> ,[],1000.0,-1000.0
EX_h2o2_e,h2o2_e <=> ,[],1000.0,-1000.0
EX_k_e,k_e <=> ,[],1000.0,-1000.0
EX_malttr_e,malttr_e <=> ,[],1000.0,-1000.0
EX_maltttr_e,maltttr_e <=> ,[],1000.0,-1000.0
EX_na1_e,na1_e <=> ,[],1000.0,-1000.0
EX_o16a4colipa_e,o16a4colipa_e <=> ,[],1000.0,-1000.0
EX_pheme_e,pheme_e <=> ,[],1000.0,-1000.0
EX_ttdca_e,ttdca_e <=> ,[],1000.0,-1000.0
EX_zn2_e,zn2_e <=> ,[],1000.0,-1000.0
EX_h_e,h_e <=> ,[],1000.0,-1000.0
EX_arbtn_fe3_e,arbtn_fe3_e <=> ,[],1000.0,-1000.0
EX_lipa_cold_e,lipa_cold_e <=> ,[],1000.0,-1000.0
EX_colipap_e,colipap_e <=> ,[],1000.0,-1000.0
EX_fe3hox_e,fe3hox_e <=> ,[],1000.0,-1000.0
EX_gthrd_e,gthrd_e <=> ,[],1000.0,-1000.0
EX_imp_e,imp_e <=> ,[],1000.0,-1000.0
EX_malthx_e,malthx_e <=> ,[],1000.0,-1000.0
EX_maltpt_e,maltpt_e <=> ,[],1000.0,-1000.0
EX_mg2_e,mg2_e <=> ,[],1000.0,-1000.0
EX_mn2_e,mn2_e <=> ,[],1000.0,-1000.0
EX_mobd_e,mobd_e <=> ,[],1000.0,-1000.0
EX_ocdcea_e,ocdcea_e <=> ,[],1000.0,-1000.0
EX_pi_e,pi_e <=> ,[],1000.0,-1000.0
EX_so4_e,so4_e <=> ,[],1000.0,-1000.0
EX_tre_e,tre_e <=> ,[],1000.0,-1000.0
EX_kdo2lipid4_e,kdo2lipid4_e <=> ,[],1000.0,-1000.0
EX_h2o_e,h2o_e <=> ,[],1000.0,-1000.0
EX_ergst_e,ergst_e <=> ,[],1000.0,-1000.0
EX_hdca_e,hdca_e <=> ,[],1000.0,-1000.0
EX_hdcea_e,hdcea_e <=> ,[],1000.0,-1000.0
EX_ocdca_e,ocdca_e <=> ,[],1000.0,-1000.0
EX_glu__L_e,glu__L_e <=> ,[],1000.0,-1000.0
EX_malt_e,malt_e <=> ,[],1000.0,-1000.0
EX_zymst_e,zymst_e <=> ,[],1000.0,-1000.0
EX_glc__D_e,glc__D_e <=> ,[],1000.0,-1000.0
EX_xyl__D_e,xyl__D_e <=> ,[],1000.0,-1000.0
EX_tsul_e,tsul_e <=> ,[],1000.0,-1000.0
EX_ca2_e,ca2_e <=> ,[],1000.0,-1000.0
EX_arg__L_e,arg__L_e <=> ,[],1000.0,-1000.0
EX_gal_e,gal_e <=> ,[],1000.0,-1000.0
EX_fe2_e,fe2_e <=> ,[],1000.0,-1000.0
EX_idp_e,idp_e <=> ,[],1000.0,-1000.0
EX_cgly_e,cgly_e <=> ,[],1000.0,-1000.0
EX_ni2_e,ni2_e <=> ,[],1000.0,-1000.0
EX_pe1801829Z12Z_e,pe1801829Z12Z_e <=> ,[],1000.0,-1000.0
EX_pe18111Z1829Z12Z_e,pe18111Z1829Z12Z_e <=> ,[],1000.0,-1000.0
EX_pe18111Z1835Z9Z12Z_e,pe18111Z1835Z9Z12Z_e <=> ,[],1000.0,-1000.0
EX_pe1819Z1819Z_e,pe1819Z1819Z_e <=> ,[],1000.0,-1000.0
EX_pe1819Z1845Z9Z12Z15Z_e,pe1819Z1845Z9Z12Z15Z_e <=> ,[],1000.0,-1000.0
EX_pgp18111Z160_e,pgp18111Z160_e <=> ,[],1000.0,-1000.0
EX_cd2_e,cd2_e <=> ,[],1000.0,-1000.0
EX_dca_e,dca_e <=> ,[],1000.0,-1000.0
EX_eca4colipa_e,eca4colipa_e <=> ,[],1000.0,-1000.0
EX_feoxam_e,feoxam_e <=> ,[],1000.0,-1000.0
EX_hg2_e,hg2_e <=> ,[],1000.0,-1000.0
EX_hxa_e,hxa_e <=> ,[],1000.0,-1000.0
EX_colipa_e,colipa_e <=> ,[],1000.0,-1000.0
EX_lipa_e,lipa_e <=> ,[],1000.0,-1000.0
EX_octa_e,octa_e <=> ,[],1000.0,-1000.0
EX_fecost_e,fecost_e <=> ,[],1000.0,-1000.0
EX_salchs2fe_e,salchs2fe_e <=> ,[],1000.0,-1000.0
EX_salchs4fe_e,salchs4fe_e <=> ,[],1000.0,-1000.0
EX_enlipidA_e,enlipidA_e <=> ,[],1000.0,-1000.0
EX_pail1819Z160_e,pail1819Z160_e <=> ,[],1000.0,-1000.0
EX_pe1801819Z_e,pe1801819Z_e <=> ,[],1000.0,-1000.0
EX_pe1819Z1829Z12Z_e,pe1819Z1829Z12Z_e <=> ,[],1000.0,-1000.0
EX_pg18111Z160_e,pg18111Z160_e <=> ,[],1000.0,-1000.0
EX_pg1819Z160_e,pg1819Z160_e <=> ,[],1000.0,-1000.0
EX_pgp1819Z160_e,pgp1819Z160_e <=> ,[],1000.0,-1000.0
EX_ferrich_e,ferrich_e <=> ,[],1000.0,-1000.0
EX_gthox_e,gthox_e <=> ,[],1000.0,-1000.0
EX_ttdcea_e,ttdcea_e <=> ,[],1000.0,-1000.0
EX_acolipa_e,acolipa_e <=> ,[],1000.0,-1000.0
EX_fe3dhbzs_e,fe3dhbzs_e <=> ,[],1000.0,-1000.0
EX_epist_e,epist_e <=> ,[],1000.0,-1000.0
EX_cobalt2_e,cobalt2_e <=> ,[],1000.0,-1000.0
EX_pe1801835Z9Z12Z_e,pe1801835Z9Z12Z_e <=> ,[],1000.0,-1000.0
EX_pe1801845Z9Z12Z15Z_e,pe1801845Z9Z12Z15Z_e <=> ,[],1000.0,-1000.0
EX_pe18111Z1819Z_e,pe18111Z1819Z_e <=> ,[],1000.0,-1000.0
EX_pe18111Z1845Z9Z12Z15Z_e,pe18111Z1845Z9Z12Z15Z_e <=> ,[],1000.0,-1000.0
EX_pe1829Z12Z1835Z9Z12Z_e,pe1829Z12Z1835Z9Z12Z_e <=> ,[],1000.0,-1000.0
EX_14glucan_e,14glucan_e <=> ,[],1000.0,-1000.0
EX_lanost_e,lanost_e <=> ,[],1000.0,-1000.0
EX_pail18111Z160_e,pail18111Z160_e <=> ,[],1000.0,-1000.0
EX_pe1819Z1835Z9Z12Z_e,pe1819Z1835Z9Z12Z_e <=> ,[],1000.0,-1000.0
EX_pe140_e,pe140_e <=> ,[],1000.0,-1000.0
EX_pe160_e,pe160_e <=> ,[],1000.0,-1000.0
EX_pg160_e,pg160_e <=> ,[],1000.0,-1000.0
EX_pe161_e,pe161_e <=> ,[],1000.0,-1000.0
EX_pgp120_e,pgp120_e <=> ,[],1000.0,-1000.0
EX_pg120_e,pg120_e <=> ,[],1000.0,-1000.0
EX_pgp141_e,pgp141_e <=> ,[],1000.0,-1000.0
EX_pg140_e,pg140_e <=> ,[],1000.0,-1000.0
EX_pg181_e,pg181_e <=> ,[],1000.0,-1000.0
EX_pgp161_e,pgp161_e <=> ,[],1000.0,-1000.0
EX_pgp180_e,pgp180_e <=> ,[],1000.0,-1000.0
EX_pa161_e,pa161_e <=> ,[],1000.0,-1000.0
EX_pe141_e,pe141_e <=> ,[],1000.0,-1000.0
EX_pg161_e,pg161_e <=> ,[],1000.0,-1000.0
EX_pgp160_e,pgp160_e <=> ,[],1000.0,-1000.0
EX_pgp181_e,pgp181_e <=> ,[],1000.0,-1000.0
EX_ps141_e,ps141_e <=> ,[],1000.0,-1000.0
EX_ps161_e,ps161_e <=> ,[],1000.0,-1000.0
EX_LptA_e,LptA_e <=> ,[],1000.0,-1000.0
EX_enlipidA_LptA_e,enlipidA_LptA_e <=> ,[],1000.0,-1000.0
EX_hghhlipa_e,hghhlipa_e <=> ,[],1000.0,-1000.0
EX_hghhlipan_e,hghhlipan_e <=> ,[],1000.0,-1000.0
EX_pa120_e,pa120_e <=> ,[],1000.0,-1000.0
EX_pa180_e,pa180_e <=> ,[],1000.0,-1000.0
EX_pa181_e,pa181_e <=> ,[],1000.0,-1000.0
EX_ps181_e,ps181_e <=> ,[],1000.0,-1000.0
EX_pe120_e,pe120_e <=> ,[],1000.0,-1000.0
EX_pe180_e,pe180_e <=> ,[],1000.0,-1000.0
EX_pe181_e,pe181_e <=> ,[],1000.0,-1000.0
EX_pg141_e,pg141_e <=> ,[],1000.0,-1000.0
EX_pg180_e,pg180_e <=> ,[],1000.0,-1000.0
EX_pgp140_e,pgp140_e <=> ,[],1000.0,-1000.0
EX_ps140_e,ps140_e <=> ,[],1000.0,-1000.0
EX_ps180_e,ps180_e <=> ,[],1000.0,-1000.0
EX_pa141_e,pa141_e <=> ,[],1000.0,-1000.0
EX_ps120_e,ps120_e <=> ,[],1000.0,-1000.0
EX_ps160_e,ps160_e <=> ,[],1000.0,-1000.0
EX_pa140_e,pa140_e <=> ,[],1000.0,-1000.0
EX_pa160_e,pa160_e <=> ,[],1000.0,-1000.0
EX_protein_e,protein_e <=> ,[],1000.0,-1000.0
THRASNTYRr,2.0 h2o_c + thrasntyr_c --> asn__L_c + thr__L_c + tyr__L_c,[],1000.0,0.0
HCO3E,co2_c + h2o_c --> h_c + hco3_c,[],1000.0,0.0
GHMT2r,ser__L_c + thf_c <=> gly_c + h2o_c + mlthf_c,[],1000.0,-1000.0
CYSLY3,cys__L_c + h_c + nadph_c --> ala__L_c + h2s_c + nadp_c,[],1000.0,0.0
EX_ileasnhis_e,ileasnhis_e <=> ,[],1000.0,-1000.0
EX_thrthrarg_e,thrthrarg_e <=> ,[],1000.0,-1000.0
LEUASNASPt,h_e + leuasnasp_e --> h_c + leuasnasp_c,[],1000.0,0.0
THRTHRARGr,2.0 h2o_c + thrthrarg_c --> arg__L_c + 2.0 thr__L_c,[],1000.0,0.0
ILEPROLYSr,2.0 h2o_c + ileprolys_c --> ile__L_c + lys__L_c + pro__L_c,[],1000.0,0.0
UREA,h2o_c + 2.0 h_c + urea_c --> co2_c + 2.0 nh4_c,[],1000.0,0.0
EX_leuasnasp_e,leuasnasp_e <=> ,[],1000.0,-1000.0
ASPVALASNr,aspvalasn_c + 2.0 h2o_c --> asn__L_c + asp__L_c + val__L_c,[],1000.0,0.0
VALLEUPHEr,2.0 h2o_c + valleuphe_c --> leu__L_c + phe__L_c + val__L_c,[],1000.0,0.0
ADSS,asp__L_c + gtp_c + imp_c --> dcamp_c + gdp_c + 2.0 h_c + pi_c,[],1000.0,0.0
GLUCAN2abc,atp_c + glucan6_e + h2o_c --> adp_c + glucan6_c + h_c + pi_c,[],1000.0,0.0
PYDXO,2.0 h2o_c + nh4_c + 0.5 o2_c + pydx_c --> 2.0 h2o2_c + pydam_c,[],1000.0,0.0
ILEARGILEt,h_e + ileargile_e --> h_c + ileargile_c,[],1000.0,0.0
ILEARGILEr,2.0 h2o_c + ileargile_c --> arg__L_c + 2.0 ile__L_c,[],1000.0,0.0
LYSLYSLYSr,2.0 h2o_c + lyslyslys_c --> 3.0 lys__L_c,[],1000.0,0.0
EX_thrasntyr_e,thrasntyr_e <=> ,[],1000.0,-1000.0
GLS2e,glucan1500_e + 249.0 h2o_e --> 250.0 glucan6_e,[],1000.0,0.0
H2O2t,h2o2_e <=> h2o2_c,[],1000.0,-1000.0
ARGN,arg__L_c + h2o_c --> orn_c + urea_c,[],1000.0,0.0
EX_ileargile_e,ileargile_e <=> ,[],1000.0,-1000.0
EX_valleuphe_e,valleuphe_e <=> ,[],1000.0,-1000.0
METMETILEr,2.0 h2o_c + metmetile_c --> ile__L_c + 2.0 met__L_c,[],1000.0,0.0
LYSLYSLYSt,h_e + lyslyslys_e --> h_c + lyslyslys_c,[],1000.0,0.0
EX_lyslyslys_e,lyslyslys_e <=> ,[],1000.0,-1000.0
MDHy,mal__L_c + nadp_c --> h_c + nadph_c + oaa_c,[],1000.0,0.0
EX_metmetile_e,metmetile_e <=> ,[],1000.0,-1000.0
ILEPROLYSt,h_e + ileprolys_e --> h_c + ileprolys_c,[],1000.0,0.0
SULO,h2o_c + o2_c + so3_c --> h2o2_c + h_c + so4_c,[],1000.0,0.0
EX_aspvalasn_e,aspvalasn_e <=> ,[],1000.0,-1000.0
EX_ileprolys_e,ileprolys_e <=> ,[],1000.0,-1000.0
TRPTHRILEt,h_e + trpthrile_e --> h_c + trpthrile_c,[],1000.0,0.0
ORNCD,orn_c --> nh4_c + pro__L_c,[],1000.0,0.0
THRASNTYRt,h_e + thrasntyr_e --> h_c + thrasntyr_c,[],1000.0,0.0
G3POc,dhap_c + h2o2_c --> glyc3p_c + o2_c,[],1000.0,0.0
GLCt1,glc__D_e <=> glc__D_c,[],1000.0,-1000.0
IMPtr,imp_e --> imp_c,[],1000.0,0.0
ASPVALASNt,aspvalasn_e + h_e --> aspvalasn_c + h_c,[],1000.0,0.0
VALLEUPHEt,h_e + valleuphe_e --> h_c + valleuphe_c,[],1000.0,0.0
ILEASNHISr,2.0 h2o_c + ileasnhis_c --> asn__L_c + his__L_c + ile__L_c,[],1000.0,0.0
LEUASNASPr,2.0 h2o_c + leuasnasp_c --> asn__L_c + asp__L_c + leu__L_c,[],1000.0,0.0
METMETILEt,h_e + metmetile_e --> h_c + metmetile_c,[],1000.0,0.0
ILEASNHISt,h_e + ileasnhis_e --> h_c + ileasnhis_c,[],1000.0,0.0
PC,atp_c + hco3_c + pyr_c --> adp_c + h_c + oaa_c + pi_c,[],1000.0,0.0
EX_trpthrile_e,trpthrile_e <=> ,[],1000.0,-1000.0
GLS2,glucan6_c + 5.0 h2o_c --> 6.0 glc__D_c,[],1000.0,0.0
FUM,fum_c + h2o_c --> mal__L_c,[],1000.0,0.0
GLUt2r,glu__L_e + h_e <=> glu__L_c + h_c,[],1000.0,-1000.0
CYSt2r,cys__L_e + h_e <=> cys__L_c + h_c,[],1000.0,-1000.0
EX_leuasplys_e,leuasplys_e <=> ,[],1000.0,-1000.0
r2016,arg__L_e + cys__L_c --> arg__L_c + cys__L_e,[],1000.0,0.0
SO4t_e,2.0 h_c + so4_c --> 2.0 h_e + so4_e,[],1000.0,0.0
THRTHRARGt,h_e + thrthrarg_e --> h_c + thrthrarg_c,[],1000.0,0.0
EX_glucan1500_e,glucan1500_e <=> ,[],1000.0,-1000.0
LEUASPLYSt,h_e + leuasplys_e --> h_c + leuasplys_c,[],1000.0,0.0
PDYXPT_c,pydam_c + pyr_c --> ala__L_c + pydx_c,[],1000.0,0.0
GLYCL,gly_c + nad_c + thf_c --> co2_c + mlthf_c + nadh_c + nh4_c,[],1000.0,0.0
ASPTA6,ala__L_c + oaa_c --> asp__L_c + pyr_c,[],1000.0,0.0
ADSL1r,dcamp_c <=> amp_c + fum_c,[],1000.0,-1000.0
GLNS,atp_c + glu__L_c + nh4_c --> adp_c + gln__L_c + h_c + pi_c,[],1000.0,0.0
LEUASPLYSr,2.0 h2o_c + leuasplys_c --> asp__L_c + leu__L_c + lys__L_c,[],1000.0,0.0
GTHOXti,gthox_e --> gthox_c,[],1000.0,0.0
PIt2r,h_e + pi_e --> h_c + pi_c,[],1000.0,0.0
TRPTHRILEr,2.0 h2o_c + trpthrile_c --> ile__L_c + thr__L_c + trp__L_c,[],1000.0,0.0
