,T. gondii ARI,T. gondii FOU,T. gondii GAB2-2007-GAL-DOM2,T. gondii GT1,T. gondii MAS,T. gondii ME49,T. gondii p89,T. gondii RUB,T. gondii TgCatPRC2,T. gondii VAND,T. gondii VEG
EX_ergst_e,,,,,,,,,,,
PIabc,,,,,,,,,,,
ARGSL,,,,,,,,,,,
NADTRHD,,,,,,,,,,,
MPAKI,,,,,,,,,,,
KAS5,,,,,,,,,,,
DHRT_ivcoa,,,,,,,,,,,
PSUDS,,,,,,,,,,,
EX_fru_e,,,,,,,,,,,
HADPCOADH,,,,,,,,,,,
DASYNm_SC,,,,,,,,,,,
NADKm,,,,,,,,,,,
UDCPDPS,,,,,,,,,,,
3OAS140,,,,,,,,,,,
CDPDAGtmnhs,,,,,,,,,,,
MELTGH,,,,,,,,,,,
AGPAT160,,,,,,,,,,,
CY_focytb5_c,,,,,,,,,,,
NDP1,,,,,,,,,,,
DHFS,,,,,,,,,,,
DNMPPA,,,,,,,,,,,
3OAR121,,,,,,,,,,,
CA2abc1,,,,,,,,,,,
MYCON1,,,,,,,,,,,
ADKd,,,,,,,,,,,
GLCR1TRA1,,,,,,,,,,,
DOLPMT,,,,,,,,,,,
SULR,,,,,,,,,,,
ACP1819ZD9DSc,,,,,,,,,,,
EX_sprm_e,,,,,,,,,,,
MALLAC,,,,,,,,,,,
DMATT,,,,,,,,,,,
NTPP11,,,,,,,,,,,
GLUDxi,,,,,,,,,,,
3OAR100,,,,,,,,,,,
HYPTROX,,,,,,,,,,,
PDHa,,,,,,,,,,,
MPTAT,,,,,,,,,,,
EX_ptrc_e,,,,,,,,,,,
FAO181p_oddc,,,,,,,,,,,
DHRT_2mbcoa,,,,,,,,,,,
EX_citr__L_e,,,,,,,,,,,
EX_protein_e,,,,,,,,,,,
C22STDSx,,,,,,,,,,,
EX_chsterol_e,,,,,,,,,,,
LPLPS1AGPE18111Z,,,,,,,,,,,
EX_pe1819Z1819Z_e,,,,,,,,,,,
FAO10,,,,,,,,,,,
HDSc,,,,,,,,,,,
EX_isetac_e,,,,,,,,,,,
FAS140,,,,,,,,,,,
ACACT2c,,,,,,,,,,,
PYK,,,,,,,,,,,
MTOLDOX,,,,,,,,,,,
PNTOt2,,,,,,,,,,,
DM_thr__L_c,,,,,,,,,,,
DCMPDA,,,,,,,,,,,
CCP2m,,,,,,,,,,,
ACOTA,,,,,,,,,,,
3HAD180,,,,,,,,,,,
ASPGLU2m,,,,,,,,,,,
MGDGW3DS1829Z12Z1637Z10Z13Zc,,,,,,,,,,,
UGLYCH,,,,,,,,,,,
ACACT5pc,,,,,,,,,,,
GLYCLm,,,,,,,,,,,
LCADm,,,,,,,,,,,
UPPRT,,,,,,,,,,,
CMPA,,,,,,,,,,,
GTHPm,,,,,,,,,,,
ADCS,,,,,,,,,,,
FA80ACPHi,,,,,,,,,,,
PHCYT_BS,,,,,,,,,,,
DGDGD4DS1839Z12Z15Z1644Z7Z10Z13Zc,,,,,,,,,,,
BTS_nadph,,,,,,,,,,,
NO2Rc,,,,,,,,,,,
MYCSacp56,,,,,,,,,,,
ILEtm,,,,,,,,,,,
EX_tchola_e,,,,,,,,,,,
FAS140COA,,,,,,,,,,,
TAG_HDE_HDE_PALMt_h,,,,,,,,,,,
CPPPGO,,,,,,,,,,,
OAADC,,,,,,,,,,,
NTPP9,,,,,,,,,,,
NADNe,,,,,,,,,,,
DHORDi,,,,,,,,,,,
ILETAm,,,,,,,,,,,
TAGAH1801819Z1835Z9Z12Z,,,,,,,,,,,
DLYSPYRAT,,,,,,,,,,,
EX_ni2_e,,,,,,,,,,,
GCCbim,,,,,,,,,,,
3OAR181_1c,,,,,,,,,,,
APPAT,,,,,,,,,,,
SO3t_1,,,,,,,,,,,
MG2abc,,,,,,,,,,,
ACCOACrm,,,,,,,,,,,
OGCOAAT,,,,,,,,,,,
FA160COAabcp_1c,,,,,,,,,,,
PI45BPP_SC,,,,,,,,,,,
MOTH1,,,,,,,,,,,
EX_pa120_e,,,,,,,,,,,
ACACT7r,,,,,,,,,,,
TAGAH18111Z1819Z1835Z9Z12Z,,,,,,,,,,,
MGDGD4DS1819Z1644Z7Z10Z13Zc,,,,,,,,,,,
APG3PAT160,,,,,,,,,,,
PDIMAS,,,,,,,,,,,
dgl_prod3,,,,,,,,,,,
DDPAm,,,,,,,,,,,
HSERTA,,,,,,,,,,,
MTAM_nh4,,,,,,,,,,,
2AGPEAT141,,,,,,,,,,,
MALTabc,,,,,,,,,,,
EX_ps140_e,,,,,,,,,,,
PLPSA21819Z1845Z9Z12Z15Z,,,,,,,,,,,
GLYOX_2,,,,,,,,,,,
DGTCY,,,,,,,,,,,
HACD8,,,,,,,,,,,
BFBP,,,,,,,,,,,
DAGK_OLE_HDE,,,,,,,,,,,
PDH,,,,,,,,,,,
PCHLD450ORc,,,,,,,,,,,
NTPP8,,,,,,,,,,,
SGAT,,,,,,,,,,,
ACOAO6pc,,,,,,,,,,,
EX_tyr__L_e,,,,,,,,,,,
XYLabc,,,,,,,,,,,
LLDH_ferr_m,,,,,,,,,,,
EAR140x,,,,,,,,,,,
SHSL1,,,,,,,,,,,
FAO1,,,,,,,,,,,
EX_cu_e,,,,,,,,,,,
EX_pa140_e,,,,,,,,,,,
FASm180,,,,,,,,,,,
MMSAD3,,,,,,,,,,,
EX_glyc_e,,,,,,,,,,,
A3GALT4c,,,,,,,,,,,
3OAS80_1c,,,,,,,,,,,
ACOAD4_1,,,,,,,,,,,
FACOALPREPH,,,,,,,,,,,
1AGPEAT18111Z1835Z9Z12Z,,,,,,,,,,,
1AGPEAT1801819Z,,,,,,,,,,,
SUCD2_u6m,,,,,,,,,,,
FA141COAabcpc,,,,,,,,,,,
FMETDF,,,,,,,,,,,
ADSS,,,,,,,,,,,
LYSTRSm,,,,,,,,,,,
EX_glu__L_e,,,,,,,,,,,
GCCc,,,,,,,,,,,
VALTAim,,,,,,,,,,,
SOTA,,,,,,,,,,,
GDRm,,,,,,,,,,,
PS181abcppc,,,,,,,,,,,
ACOAR4mc,,,,,,,,,,,
ACOADAGAT18111Z18111Z1845Z9Z12Z15Z,,,,,,,,,,,
GTPH1,,,,,,,,,,,
TKT2hc,,,,,,,,,,,
AACPS6_1c,,,,,,,,,,,
NO2R,,,,,,,,,,,
GHBDHx,,,,,,,,,,,
FE2tm,,,,,,,,,,,
PE1819Z1819Zt,,,,,,,,,,,
2AGPGAT120,,,,,,,,,,,
NDPK6,,,,,,,,,,,
ECOAH12m,,,,,,,,,,,
ECOAH11pc,,,,,,,,,,,
NDPK4,,,,,,,,,,,
GLYOX_1,,,,,,,,,,,
GLNSP1,,,,,,,,,,,
PC,,,,,,,,,,,
MECDPS,,,,,,,,,,,
1AGPEAT1801829Z12Z,,,,,,,,,,,
FASm2202,,,,,,,,,,,
S4FE4SR,,,,,,,,,,,
AKGDbm,,,,,,,,,,,
PGLc,,,,,,,,,,,
HACD4m,,,,,,,,,,,
ALPHNH,,,,,,,,,,,
HCO3abc,,,,,,,,,,,
AMALT1,,,,,,,,,,,
GLYOX,,,,,,,,,,,
SUCLm,,,,,,,,,,,
ECOAH4,,,,,,,,,,,
EX_murein5px3p_e,,,,,,,,,,,
OMCDC,,,,,,,,,,,
ACP1619ZD9DSc,,,,,,,,,,,
SELCYSTLh,,,,,,,,,,,
MBCOAi,,,,,,,,,,,
NIabc,,,,,,,,,,,
FBA2,,,,,,,,,,,
ZHYc,,,,,,,,,,,
EHGLATm,,,,,,,,,,,
TAGAH1819Z18111Z1845Z9Z12Z15Z,,,,,,,,,,,
EAR140y,,,,,,,,,,,
BTS,,,,,,,,,,,
LEUTA,,,,,,,,,,,
DGDGW6DS1829Z12Z1627Z10Z2c,,,,,,,,,,,
PYK3,,,,,,,,,,,
GLNS,,,,,,,,,,,
ACP1819ZD9DS_h,,,,,,,,,,,
EX_ser__L_e,,,,,,,,,,,
HVCD,,,,,,,,,,,
PYDXO_1,,,,,,,,,,,
METAT,,,,,,,,,,,
DGDGGH1819Z1617Zc,,,,,,,,,,,
DRPA,,,,,,,,,,,
PE18111Z1845Z9Z12Z15Zt,,,,,,,,,,,
FCLT,,,,,,,,,,,
GLBRAN2,,,,,,,,,,,
ABUTDm,,,,,,,,,,,
THFOR2,,,,,,,,,,,
EX_salchs4fe_e,,,,,,,,,,,
GLPT,,,,,,,,,,,
LEUt2r,,,,,,,,,,,
DHDPS,,,,,,,,,,,
THRTRSm,,,,,,,,,,,
DGDGGH1839Z12Z15Z160c,,,,,,,,,,,
ARBabc,,,,,,,,,,,
GLYTA_1,,,,,,,,,,,
ASNTRS,,,,,,,,,,,
GLNTRS,,,,,,,,,,,
FAS260,,,,,,,,,,,
CERS324,,,,,,,,,,,
TMDPP,,,,,,,,,,,
TAGAH18111Z18111Z1845Z9Z12Z15Z,,,,,,,,,,,
EAR160y,,,,,,,,,,,
LCYSTAT,,,,,,,,,,,
ETHAPT_MYRS_MYRS_c,,,,,,,,,,,
FASm320,,,,,,,,,,,
G3PAT141,,,,,,,,,,,
FA181COAabcpc,,,,,,,,,,,
CYTP450R,,,,,,,,,,,
CPMPS,,,,,,,,,,,
ORNTArm,,,,,,,,,,,
PGSA140,,,,,,,,,,,
FACOAL181t2ppc,,,,,,,,,,,
FA180COAabcpc,,,,,,,,,,,
FASm1801,,,,,,,,,,,
EX_pgp18111Z160_e,,,,,,,,,,,
MGDGW3DS1839Z12Z15Z1637Z10Z13Z1c,,,,,,,,,,,
FBA3hic,,,,,,,,,,,
PAPSR,,,,,,,,,,,
MCTC,,,,,,,,,,,
MCOATA,,,,,,,,,,,
CD2abc2,,,,,,,,,,,
FASC220ACP,,,,,,,,,,,
FA161COAabcpc,,,,,,,,,,,
FRNDPR2r,,,,,,,,,,,
HEMELm,,,,,,,,,,,
SCYSDS,,,,,,,,,,,
NADPHQR2,,,,,,,,,,,
GGLGH,,,,,,,,,,,
FTHFDH,,,,,,,,,,,
EX_drib_e,,,,,,,,,,,
URFGTT,,,,,,,,,,,
VALTA,,,,,,,,,,,
2AGPEAT120,,,,,,,,,,,
EAR40_m,,,,,,,,,,,
A3GALT5c,,,,,,,,,,,
ACOADH2,,,,,,,,,,,
TAGAH1801819Z1819Z,,,,,,,,,,,
PPNCL,,,,,,,,,,,
DGDGGH1819Z1637Z10Z13Zc,,,,,,,,,,,
FACOAL140_ISO,,,,,,,,,,,
ADPRDP,,,,,,,,,,,
FASC141ACP,,,,,,,,,,,
EAR40x,,,,,,,,,,,
protein_bm,,,,,,,,,,,
ACTNabc1,,,,,,,,,,,
G3PT,,,,,,,,,,,
BADP,,,,,,,,,,,
KAS11,,,,,,,,,,,
DAGK1819Z1819Z,,,,,,,,,,,
RNDR2b,,,,,,,,,,,
2AGPEAT161,,,,,,,,,,,
PE_CHOtm,,,,,,,,,,,
PROtm_1,,,,,,,,,,,
G13MT,,,,,,,,,,,
PGPP_hsnhs,,,,,,,,,,,
STARCH300DEGR2Bc,,,,,,,,,,,
DAGK1601819Z,,,,,,,,,,,
DH4MCHCDH,,,,,,,,,,,
ACOADAGAT18111Z1819Z18111Z,,,,,,,,,,,
CYSDSF,,,,,,,,,,,
Cut1,,,,,,,,,,,
OMBZLM,,,,,,,,,,,
BZDIOLDH,,,,,,,,,,,
HYDA,,,,,,,,,,,
SHKK,,,,,,,,,,,
ACOADAGAT1819Z18111Z1835Z9Z12Z,,,,,,,,,,,
PHETRSm,,,,,,,,,,,
PYAM5PO,,,,,,,,,,,
HACD7,,,,,,,,,,,
PE140abcppc,,,,,,,,,,,
SO4CLtex,,,,,,,,,,,
ASAPTc,,,,,,,,,,,
FAS160COA,,,,,,,,,,,
EX_man_e,,,,,,,,,,,
MCBTS3,,,,,,,,,,,
NDPK9,,,,,,,,,,,
3SALAASPm,,,,,,,,,,,
G3PEabcppc,,,,,,,,,,,
PS120abcppc,,,,,,,,,,,
EX_epist_e,,,,,,,,,,,
EX_met__D_e,,,,,,,,,,,
BZ12DOX,,,,,,,,,,,
FDH7,,,,,,,,,,,
PNTOte,,,,,,,,,,,
GM1LIPAabcppc,,,,,,,,,,,
NDPK6m,,,,,,,,,,,
HMR_9805,,,,,,,,,,,
UMPK,,,,,,,,,,,
TSULtm,,,,,,,,,,,
METDabc,,,,,,,,,,,
ACPPAT140,,,,,,,,,,,
DM_val__L_c,,,,,,,,,,,
ACOAD2f,,,,,,,,,,,
PETHCT,,,,,,,,,,,
1AGPEAT1819Z1845Z9Z12Z15Z,,,,,,,,,,,
ACOADAGAT1601819Z160,,,,,,,,,,,
PYDXPP,,,,,,,,,,,
EX_trp__L_e,,,,,,,,,,,
MALTTRabc,,,,,,,,,,,
ACITL,,,,,,,,,,,
CHRPL,,,,,,,,,,,
r2073_1,,,,,,,,,,,
FE3DCITexs,,,,,,,,,,,
EX_crm_e,,,,,,,,,,,
PE120abcppc,,,,,,,,,,,
2HMHMBQMTm,,,,,,,,,,,
MLTG3,,,,,,,,,,,
KAS19SA,,,,,,,,,,,
CTPS1,,,,,,,,,,,
FAO182p_evenoddc,,,,,,,,,,,
NCAMUP,,,,,,,,,,,
LIPOCT,,,,,,,,,,,
ECOAH2c,,,,,,,,,,,
METabc,,,,,,,,,,,
2HPMMBQMOm,,,,,,,,,,,
AAMYL,,,,,,,,,,,
ALDD5,,,,,,,,,,,
ADNK1m,,,,,,,,,,,
ACOAD7,,,,,,,,,,,
SO4tl,,,,,,,,,,,
HACD4,,,,,,,,,,,
RNDR4b,,,,,,,,,,,
ETHAPT1801819Z,,,,,,,,,,,
F6PP,,,,,,,,,,,
CYSTS,,,,,,,,,,,
RBFK,,,,,,,,,,,
LIDOAMH,,,,,,,,,,,
METTRS,,,,,,,,,,,
CYSDS,,,,,,,,,,,
ORNCT,,,,,,,,,,,
GLYCL,,,,,,,,,,,
CYSTGL,,,,,,,,,,,
NADFADOR,,,,,,,,,,,
NTRIR4ppc,,,,,,,,,,,
PEPCK_re,,,,,,,,,,,
DNDPt49m,,,,,,,,,,,
DAGAH1601819Z,,,,,,,,,,,
MEGLYXYLAMH,,,,,,,,,,,
MYCON2,,,,,,,,,,,
FACOAL140t2ppc,,,,,,,,,,,
HKt,,,,,,,,,,,
3HBCOAHL,,,,,,,,,,,
DGDGGH1829Z12Z160c,,,,,,,,,,,
CACOAL,,,,,,,,,,,
SPS,,,,,,,,,,,
ACOAD8f,,,,,,,,,,,
CHLSTD78I,,,,,,,,,,,
GLYTLm,,,,,,,,,,,
TKT2,,,,,,,,,,,
MGDGW3DS1829Z12Z1644Z7Z10Z13Zc,,,,,,,,,,,
ZYMSTAT_SC,,,,,,,,,,,
DAGAH16018111Z,,,,,,,,,,,
NITR,,,,,,,,,,,
AKGDH,,,,,,,,,,,
HBCHLR,,,,,,,,,,,
EX_his__L_e,,,,,,,,,,,
CERH124,,,,,,,,,,,
DGDGD4DS1839Z12Z15Z1634Z7Z10Zc,,,,,,,,,,,
CHOLK,,,,,,,,,,,
LANOSTAT_SC,,,,,,,,,,,
AATGm,,,,,,,,,,,
PACCOAL,,,,,,,,,,,
HSDHc,,,,,,,,,,,
EX_lys__L_e,,,,,,,,,,,
EX_enlipa_e,,,,,,,,,,,
GLUDC,,,,,,,,,,,
ACOAD8m,,,,,,,,,,,
DGDGW6DS1829Z12Z1627Z10Z1c,,,,,,,,,,,
FACOAL18111Z,,,,,,,,,,,
EX_pg18111Z160_e,,,,,,,,,,,
FECRMabcppc,,,,,,,,,,,
EX_ddca_e,,,,,,,,,,,
ECOAH1m,,,,,,,,,,,
MOD,,,,,,,,,,,
TTDCAFATPc,,,,,,,,,,,
EX_hg2_e,,,,,,,,,,,
KAS8,,,,,,,,,,,
EPISTt,,,,,,,,,,,
EAR161x,,,,,,,,,,,
FAO141p_evenc,,,,,,,,,,,
ACP1619ZD9DS,,,,,,,,,,,
YUMPS,,,,,,,,,,,
ACS_h,,,,,,,,,,,
HEX4,,,,,,,,,,,
HMR_3864,,,,,,,,,,,
PPA_1,,,,,,,,,,,
CPS_m,,,,,,,,,,,
MDHi2,,,,,,,,,,,
2AGPEAT160,,,,,,,,,,,
MECDPDH2,,,,,,,,,,,
BCAROKTc,,,,,,,,,,,
CITt2r,,,,,,,,,,,
r0817,,,,,,,,,,,
NODOx,,,,,,,,,,,
MGHAc,,,,,,,,,,,
MOD_3mhtpp,,,,,,,,,,,
ACOADAGAT16018111Z1845Z9Z12Z15Z,,,,,,,,,,,
ACACT5r_1,,,,,,,,,,,
ACOADH140_m,,,,,,,,,,,
DDPGA,,,,,,,,,,,
FASm2002,,,,,,,,,,,
QULNS_m,,,,,,,,,,,
TAURt,,,,,,,,,,,
ALDD4x,,,,,,,,,,,
THFGLUS,,,,,,,,,,,
G6PDH2r,,,,,,,,,,,
MNt2,,,,,,,,,,,
CYSAMO_cho,,,,,,,,,,,
LPLPS1AGPE180,,,,,,,,,,,
3OAS120_1c,,,,,,,,,,,
EX_pi_e,,,,,,,,,,,
GLNt2r,,,,,,,,,,,
SUCOASm,,,,,,,,,,,
D_LACDcm,,,,,,,,,,,
ORNTAC,,,,,,,,,,,
ACOADAGAT1801819Z1835Z9Z12Z,,,,,,,,,,,
PA180abcppc,,,,,,,,,,,
5MTHFtm,,,,,,,,,,,
FMNRx2,,,,,,,,,,,
3OAR161,,,,,,,,,,,
CHLabc,,,,,,,,,,,
EX_ocdcea_e,,,,,,,,,,,
CS,,,,,,,,,,,
MNabc,,,,,,,,,,,
HISD_c,,,,,,,,,,,
G3PAT181,,,,,,,,,,,
PHYCBOXL,,,,,,,,,,,
EX_lyslyslys_e,,,,,,,,,,,
CDIPT1819Z160,,,,,,,,,,,
EX_ps120_e,,,,,,,,,,,
NTRLASE3,,,,,,,,,,,
ACOADAGAT18111Z1819Z160,,,,,,,,,,,
MYCTR2,,,,,,,,,,,
ACOAD20,,,,,,,,,,,
CTECOAI8,,,,,,,,,,,
FASC140ACP,,,,,,,,,,,
ACGAMPM,,,,,,,,,,,
SELNPS,,,,,,,,,,,
SBP,,,,,,,,,,,
FACOAL1831,,,,,,,,,,,
PGP181abcppc,,,,,,,,,,,
DHPM2,,,,,,,,,,,
3M2OBLOXRD,,,,,,,,,,,
NICRNS,,,,,,,,,,,
A2GALT2c,,,,,,,,,,,
PHETA1,,,,,,,,,,,
MCSNAH,,,,,,,,,,,
AACPDAGAT_HDE_HDE_PALM_h,,,,,,,,,,,
LEUTRSm,,,,,,,,,,,
CYSTRS,,,,,,,,,,,
DMPPS,,,,,,,,,,,
EX_taur_e,,,,,,,,,,,
TAGAH1601819Z18111Z,,,,,,,,,,,
GLXO1,,,,,,,,,,,
GLYC2Pabcppc,,,,,,,,,,,
ARGARGr,,,,,,,,,,,
GLUDy,,,,,,,,,,,
CLt_m,,,,,,,,,,,
ACOADAGAT1801819Z1845Z9Z12Z15Z,,,,,,,,,,,
BPNT,,,,,,,,,,,
RNDR1b,,,,,,,,,,,
A2GALT5c,,,,,,,,,,,
VCACT,,,,,,,,,,,
SUCOAS,,,,,,,,,,,
PDE3,,,,,,,,,,,
DAGK1819Z18111Z,,,,,,,,,,,
KAS7,,,,,,,,,,,
C181SN,,,,,,,,,,,
DHNAPHT,,,,,,,,,,,
PLPSA21829Z12Z1835Z9Z12Z,,,,,,,,,,,
MYCTR,,,,,,,,,,,
EX_ps161_e,,,,,,,,,,,
MALS,,,,,,,,,,,
CDPPT160,,,,,,,,,,,
EX_ps160_e,,,,,,,,,,,
ACACT10m,,,,,,,,,,,
AACPS1,,,,,,,,,,,
4HTHRS,,,,,,,,,,,
MCOATAm,,,,,,,,,,,
EX_salchs4_e,,,,,,,,,,,
SUCD1,,,,,,,,,,,
ENLIPAabctexc,,,,,,,,,,,
CHLDA2tuc,,,,,,,,,,,
SERTRS2,,,,,,,,,,,
PS160abcppc,,,,,,,,,,,
ALDD3,,,,,,,,,,,
3DH5HPBMTm,,,,,,,,,,,
EX_nad_e,,,,,,,,,,,
EX_ala__L_e,,,,,,,,,,,
ASPOcm_1,,,,,,,,,,,
DAGK16018111Z,,,,,,,,,,,
ASPTA6,,,,,,,,,,,
FTHFLi,,,,,,,,,,,
MECDPDH,,,,,,,,,,,
PROTRS,,,,,,,,,,,
OAAt2m,,,,,,,,,,,
BDMT,,,,,,,,,,,
SLDxi2,,,,,,,,,,,
ACOADAGAT18111Z18111Z160,,,,,,,,,,,
MCOATA_1,,,,,,,,,,,
UDPDOLPT,,,,,,,,,,,
G5SADrm,,,,,,,,,,,
ECA4COLIPAabctexc,,,,,,,,,,,
EAR181x,,,,,,,,,,,
GOFUCR,,,,,,,,,,,
PA120abcppc,,,,,,,,,,,
LYSabc,,,,,,,,,,,
CITt4_1,,,,,,,,,,,
2HPMBQMTm,,,,,,,,,,,
FAO141p_oddc,,,,,,,,,,,
GMPS2,,,,,,,,,,,
DAGK18111Z160hc,,,,,,,,,,,
PPM2,,,,,,,,,,,
MOTH3,,,,,,,,,,,
TAGAH1801819Z160,,,,,,,,,,,
OCTNLL,,,,,,,,,,,
GTHRDt,,,,,,,,,,,
NDP7,,,,,,,,,,,
ICYSDS,,,,,,,,,,,
EX_h2o_e,,,,,,,,,,,
S2FE2ST,,,,,,,,,,,
UTPH1,,,,,,,,,,,
LNS14DMx,,,,,,,,,,,
EX_fadh2_c,,,,,,,,,,,
EX_mg2_e,,,,,,,,,,,
ADSK,,,,,,,,,,,
EX_pe161_e,,,,,,,,,,,
HSDy,,,,,,,,,,,
AACPS7,,,,,,,,,,,
ACOADAGAT16018111Z160,,,,,,,,,,,
EX_murein5p3p_e,,,,,,,,,,,
ACOADAGAT1801819Z1819Z,,,,,,,,,,,
G3POc,,,,,,,,,,,
MYCSacp50,,,,,,,,,,,
PGSA160,,,,,,,,,,,
EX_cys__L_e,,,,,,,,,,,
ACHMSSELCYSLh,,,,,,,,,,,
G2PP,,,,,,,,,,,
DHRT_ibcoa,,,,,,,,,,,
FACOAL180_2,,,,,,,,,,,
MOD_3mop,,,,,,,,,,,
dgl_prod7,,,,,,,,,,,
ILETRSm,,,,,,,,,,,
PE1819Z1845Z9Z12Z15Zt,,,,,,,,,,,
CDPDAGS18111Z160,,,,,,,,,,,
EX_tungs_e,,,,,,,,,,,
FA180h,,,,,,,,,,,
TMDS,,,,,,,,,,,
FAO11,,,,,,,,,,,
DAGK1801819Z,,,,,,,,,,,
PALFATPtc,,,,,,,,,,,
ALCD19,,,,,,,,,,,
EX_cu2_e,,,,,,,,,,,
3HAD60,,,,,,,,,,,
ECOAH6,,,,,,,,,,,
ACOADAGAT1819Z1819Z1819Z,,,,,,,,,,,
EX_feoxam_e,,,,,,,,,,,
ALDD2x,,,,,,,,,,,
3OAS80,,,,,,,,,,,
NPDPS,,,,,,,,,,,
GTHOr,,,,,,,,,,,
OMPDC,,,,,,,,,,,
ATP2t_m,,,,,,,,,,,
PPIth,,,,,,,,,,,
ECOAH3m,,,,,,,,,,,
RPEc,,,,,,,,,,,
DGDGGH1839Z12Z15Z1644Z7Z10Z13Zc,,,,,,,,,,,
FA160ACPHi,,,,,,,,,,,
ECOAH5m,,,,,,,,,,,
EX_alaala_e,,,,,,,,,,,
TAGAH18111Z18111Z180,,,,,,,,,,,
AP4AS,,,,,,,,,,,
MGDGW6DS1829Z12Z160c,,,,,,,,,,,
EX_cl_e,,,,,,,,,,,
FACOAL140,,,,,,,,,,,
ACOAO9pc,,,,,,,,,,,
HSK,,,,,,,,,,,
ACACT9pc,,,,,,,,,,,
COLIPAPabctexc,,,,,,,,,,,
EX_pgp161_e,,,,,,,,,,,
MLTP1,,,,,,,,,,,
PE1801829Z12Zt,,,,,,,,,,,
ACONTb,,,,,,,,,,,
GLUTRS_Glnc,,,,,,,,,,,
3HAD181,,,,,,,,,,,
2dr_p,,,,,,,,,,,
UMPU,,,,,,,,,,,
FACOAL150_ISO,,,,,,,,,,,
SO3R,,,,,,,,,,,
DM_phe__L_c,,,,,,,,,,,
AMPTASEPG,,,,,,,,,,,
MATm,,,,,,,,,,,
OXOADLRc,,,,,,,,,,,
EX_glc__D_e,,,,,,,,,,,
MOTH2,,,,,,,,,,,
G6PBDH,,,,,,,,,,,
PPPNDO,,,,,,,,,,,
ECOAH1,,,,,,,,,,,
PPBNGS_1c,,,,,,,,,,,
PE1829Z12Z1835Z9Z12Zt,,,,,,,,,,,
ACACT4m,,,,,,,,,,,
ASPTRSm,,,,,,,,,,,
CEFc,,,,,,,,,,,
EX_thm_e,,,,,,,,,,,
3HAD141,,,,,,,,,,,
PDE1,,,,,,,,,,,
GLYTRS,,,,,,,,,,,
THMATPe,,,,,,,,,,,
TAGAH1801819Z1845Z9Z12Z15Z,,,,,,,,,,,
MGDGW6DS1829Z12Z1627Z10Z2c,,,,,,,,,,,
3OAR60_m,,,,,,,,,,,
EX_so3_e,,,,,,,,,,,
NOS2_1,,,,,,,,,,,
FAO3,,,,,,,,,,,
FA181ACPH,,,,,,,,,,,
TAGAH1819Z18111Z1835Z9Z12Z,,,,,,,,,,,
HISabc,,,,,,,,,,,
AHSERL2,,,,,,,,,,,
ACSERLm,,,,,,,,,,,
TRIGS_SC,,,,,,,,,,,
1AGPEAT1819Z1835Z9Z12Z,,,,,,,,,,,
r1530,,,,,,,,,,,
ADK3,,,,,,,,,,,
PE141abcppc,,,,,,,,,,,
AACPS3_1c,,,,,,,,,,,
EX_pgp140_e,,,,,,,,,,,
DAGAH1819Z1819Z,,,,,,,,,,,
GLUK_syn,,,,,,,,,,,
PGP180abcppc,,,,,,,,,,,
ZNabc,,,,,,,,,,,
TCHOLAt3,,,,,,,,,,,
ACCOAL,,,,,,,,,,,
GLCR1TRB1,,,,,,,,,,,
CYSTL,,,,,,,,,,,
I4FE4ST,,,,,,,,,,,
1AGPEAT18111Z1829Z12Z,,,,,,,,,,,
PGMT,,,,,,,,,,,
G3PSabcppc,,,,,,,,,,,
NTRIR2x,,,,,,,,,,,
TRDR,,,,,,,,,,,
MOTH4,,,,,,,,,,,
EX_pg140_e,,,,,,,,,,,
MG3B,,,,,,,,,,,
MDHC_nadp_hr,,,,,,,,,,,
AGPOP,,,,,,,,,,,
PGI,,,,,,,,,,,
DASYN181,,,,,,,,,,,
NTD5,,,,,,,,,,,
FA161ACPHi,,,,,,,,,,,
HISLYSTHRt,,,,,,,,,,,
NTRLASE2,,,,,,,,,,,
SGOR,,,,,,,,,,,
EX_pe1801819Z_e,,,,,,,,,,,
AMPTASECG,,,,,,,,,,,
ACOAR5mc,,,,,,,,,,,
EX_chol_e,,,,,,,,,,,
PIt2r,,,,,,,,,,,
ATPS1,,,,,,,,,,,
PG18111Z160t,,,,,,,,,,,
ACt2r,,,,,,,,,,,
EX_ac_e,,,,,,,,,,,
ACACT5m,,,,,,,,,,,
PPDIMAS,,,,,,,,,,,
AGPOPm,,,,,,,,,,,
PIN3K_SC,,,,,,,,,,,
dgl_prod4,,,,,,,,,,,
DKFPS2,,,,,,,,,,,
PGCD,,,,,,,,,,,
3OAS160_1c,,,,,,,,,,,
HMGL,,,,,,,,,,,
EX_leu__L_e,,,,,,,,,,,
PPTTm,,,,,,,,,,,
SSALy,,,,,,,,,,,
EX_murein3px3p_e,,,,,,,,,,,
URIDK2r,,,,,,,,,,,
A3GALT1c,,,,,,,,,,,
ACOATA,,,,,,,,,,,
NNAMrm,,,,,,,,,,,
GLYCK2,,,,,,,,,,,
AMPN,,,,,,,,,,,
EX_fe2_e,,,,,,,,,,,
ASNN,,,,,,,,,,,
PPCOAC,,,,,,,,,,,
HACD6,,,,,,,,,,,
r2526,,,,,,,,,,,
FASC200ACP,,,,,,,,,,,
DM_ser__L_c,,,,,,,,,,,
NT5C,,,,,,,,,,,
NTPP1,,,,,,,,,,,
ACSERSULL,,,,,,,,,,,
AGPAT181,,,,,,,,,,,
PAIL18111Z160t,,,,,,,,,,,
CYSTAm,,,,,,,,,,,
DMBZIDS,,,,,,,,,,,
DAGK120,,,,,,,,,,,
DNTP,,,,,,,,,,,
ADK1,,,,,,,,,,,
THRTHRARGt,,,,,,,,,,,
ACOAD4,,,,,,,,,,,
GTHPi,,,,,,,,,,,
EX_pe181_e,,,,,,,,,,,
AMALT3,,,,,,,,,,,
G3PD7,,,,,,,,,,,
DM_atp_c,,,,,,,,,,,
PIt7,,,,,,,,,,,
PGIA,,,,,,,,,,,
PA160abcppc,,,,,,,,,,,
EX_g3pe_e,,,,,,,,,,,
ATDGDm,,,,,,,,,,,
EX_xyl__D_e,,,,,,,,,,,
CD2abc1,,,,,,,,,,,
EX_enlipidA_LptA_e,,,,,,,,,,,
PPA,,,,,,,,,,,
I4FE4SR,,,,,,,,,,,
TSULR3e,,,,,,,,,,,
DES_9,,,,,,,,,,,
DVPCHLD450ORc,,,,,,,,,,,
MCITS,,,,,,,,,,,
3HAD100,,,,,,,,,,,
r1467,,,,,,,,,,,
FA140ACPHi,,,,,,,,,,,
ATPt_m,,,,,,,,,,,
MTRI,,,,,,,,,,,
CDPDAGS_OLE_PALM,,,,,,,,,,,
DGDGW3DS1819Z1637Z10Z13Zc,,,,,,,,,,,
EX_gthrd_e,,,,,,,,,,,
DXPRIi,,,,,,,,,,,
ALDD20xm,,,,,,,,,,,
ALDD14,,,,,,,,,,,
CTECOAI7,,,,,,,,,,,
IMACTD,,,,,,,,,,,
PHETRS,,,,,,,,,,,
FAMPL2,,,,,,,,,,,
EX_arg__L_e,,,,,,,,,,,
ADPT,,,,,,,,,,,
PA140abcppc,,,,,,,,,,,
LANOSTt,,,,,,,,,,,
EAR60x,,,,,,,,,,,
G5SD2,,,,,,,,,,,
ACOADAGAT1601819Z1835Z9Z12Z,,,,,,,,,,,
EX_fe3_e,,,,,,,,,,,
LEUTAi,,,,,,,,,,,
DHROm,,,,,,,,,,,
ACOAD1fm,,,,,,,,,,,
GLCOAS,,,,,,,,,,,
LPLPS1AGPE1819Z,,,,,,,,,,,
ATPH1,,,,,,,,,,,
FALDH2,,,,,,,,,,,
TDPGDH,,,,,,,,,,,
NODOy,,,,,,,,,,,
PPCKm,,,,,,,,,,,
ASPTRS,,,,,,,,,,,
PGW6DS1829Z12Z160c,,,,,,,,,,,
SPRMti,,,,,,,,,,,
TPIh,,,,,,,,,,,
FTHFLmi,,,,,,,,,,,
TAGAH18111Z1819Z18111Z,,,,,,,,,,,
LALDO,,,,,,,,,,,
ALDD1,,,,,,,,,,,
CHOLESTTDe,,,,,,,,,,,
DGDGW6DS1829Z12Z1619Zc,,,,,,,,,,,
A4GALTc,,,,,,,,,,,
FAO240pc,,,,,,,,,,,
ALDH,,,,,,,,,,,
TAGAH18111Z18111Z1819Z,,,,,,,,,,,
PI4P5K_SC,,,,,,,,,,,
2AGPGAT140,,,,,,,,,,,
EX_ocdca_e,,,,,,,,,,,
3OAS181,,,,,,,,,,,
SECYSTL,,,,,,,,,,,
MGDGD4DS1829Z12Z1644Z7Z10Z13Zc,,,,,,,,,,,
EX_pe1819Z1845Z9Z12Z15Z_e,,,,,,,,,,,
CYOO6m,,,,,,,,,,,
DHACOAH,,,,,,,,,,,
EX_gal__L_e,,,,,,,,,,,
PINOS,,,,,,,,,,,
KAT1,,,,,,,,,,,
EX_ps181_e,,,,,,,,,,,
HEX7,,,,,,,,,,,
TALA,,,,,,,,,,,
EX_pgp1819Z160_e,,,,,,,,,,,
SELCYSLY2_1,,,,,,,,,,,
CA2abc,,,,,,,,,,,
PLPSA21801845Z9Z12Z15Z,,,,,,,,,,,
PGD3TDS1839Z12Z15Z1613Ec,,,,,,,,,,,
PSAT_m,,,,,,,,,,,
TAGAH1601819Z160,,,,,,,,,,,
NTD4,,,,,,,,,,,
GDR,,,,,,,,,,,
FASC161ACP,,,,,,,,,,,
UPPDC1,,,,,,,,,,,
MGDGD4DS1839Z12Z15Z1634Z7Z10Zc,,,,,,,,,,,
DAGCPT_SC,,,,,,,,,,,
CYSS,,,,,,,,,,,
SUCOAS1m,,,,,,,,,,,
AACPS6,,,,,,,,,,,
BSORx,,,,,,,,,,,
DAPOP,,,,,,,,,,,
APH160,,,,,,,,,,,
GCC2bim,,,,,,,,,,,
CLt3r_2,,,,,,,,,,,
ALATA_L2,,,,,,,,,,,
DGDGD7DS1819Z1617Zc,,,,,,,,,,,
ADK4,,,,,,,,,,,
NADPt2_c,,,,,,,,,,,
MGDGD4DS1829Z12Z1634Z7Z10Zc,,,,,,,,,,,
ACOAO8pc,,,,,,,,,,,
TAGAH18111Z1819Z1819Z,,,,,,,,,,,
CYTBO3,,,,,,,,,,,
C180SN,,,,,,,,,,,
DIPS,,,,,,,,,,,
DAGAH1801819Z,,,,,,,,,,,
I2FE2SS2,,,,,,,,,,,
AKGDa,,,,,,,,,,,
GLNabc,,,,,,,,,,,
3OAR141,,,,,,,,,,,
SULR3,,,,,,,,,,,
ETHAK,,,,,,,,,,,
SERAT,,,,,,,,,,,
FERRICHabc,,,,,,,,,,,
DM_his__L_c,,,,,,,,,,,
PYK4,,,,,,,,,,,
MAN1PT2,,,,,,,,,,,
GLYCt2,,,,,,,,,,,
DAGK160,,,,,,,,,,,
FACOAL160_ISO,,,,,,,,,,,
FASC120ACP,,,,,,,,,,,
LEUTRS,,,,,,,,,,,
ACOADAGAT18111Z1819Z1835Z9Z12Z,,,,,,,,,,,
MG2A,,,,,,,,,,,
CBPS,,,,,,,,,,,
ACOADAGAT1819Z1819Z160,,,,,,,,,,,
LIPAMPL,,,,,,,,,,,
OPMEACPR,,,,,,,,,,,
PG120abcppc,,,,,,,,,,,
lipid_bm,,,,,,,,,,,
ACPPAT161,,,,,,,,,,,
FASm2801,,,,,,,,,,,
G3PD1irm,,,,,,,,,,,
TSULabc,,,,,,,,,,,
METSOXR2,,,,,,,,,,,
PSCVT,,,,,,,,,,,
SHSL4r,,,,,,,,,,,
ACACT3r,,,,,,,,,,,
G3PD,,,,,,,,,,,
MGDGW6DS1819Z1627Z10Zc,,,,,,,,,,,
ALDD19xr,,,,,,,,,,,
FAS100,,,,,,,,,,,
GLUth,,,,,,,,,,,
SUCBZL,,,,,,,,,,,
r1162,,,,,,,,,,,
CITACt,,,,,,,,,,,
GLUabc,,,,,,,,,,,
ACCOAhic,,,,,,,,,,,
C100SN,,,,,,,,,,,
LGTHL,,,,,,,,,,,
FAS240_L,,,,,,,,,,,
ACPPAT141,,,,,,,,,,,
TAGAH1819Z18111Z1819Z,,,,,,,,,,,
GALKr,,,,,,,,,,,
ARABRr,,,,,,,,,,,
MDH4,,,,,,,,,,,
NO2t2r,,,,,,,,,,,
EX_spmd_e,,,,,,,,,,,
IAGT,,,,,,,,,,,
TAGAH16018111Z18111Z,,,,,,,,,,,
EX_dca_e,,,,,,,,,,,
MAN1PT,,,,,,,,,,,
MLTG5,,,,,,,,,,,
MGDGD4DS1839Z12Z15Z1644Z7Z10Z13Zc,,,,,,,,,,,
TRE6PS,,,,,,,,,,,
THIORDXm,,,,,,,,,,,
CYOOm,,,,,,,,,,,
DTTGY,,,,,,,,,,,
PSERT,,,,,,,,,,,
P5CRx,,,,,,,,,,,
RPI,,,,,,,,,,,
EX_k_e,,,,,,,,,,,
ACACT6r_1,,,,,,,,,,,
EX_pro__L_e,,,,,,,,,,,
MMSAD1,,,,,,,,,,,
FASm2001,,,,,,,,,,,
TAGAH18111Z1819Z180,,,,,,,,,,,
FE3DHBZSabcppc,,,,,,,,,,,
CGS_m,,,,,,,,,,,
QULNS_1,,,,,,,,,,,
ALLabcppc,,,,,,,,,,,
HACD2,,,,,,,,,,,
ACOAD7f,,,,,,,,,,,
TAGAH18111Z18111Z18111Z,,,,,,,,,,,
SQDGW6DS1829Z12Z160c,,,,,,,,,,,
FOLR2_1,,,,,,,,,,,
ACOADAGAT1819Z18111Z18111Z,,,,,,,,,,,
S4FE4ST,,,,,,,,,,,
PS141abcppc,,,,,,,,,,,
EAR80y,,,,,,,,,,,
EX_degly_e,,,,,,,,,,,
DHFOR,,,,,,,,,,,
NTD7,,,,,,,,,,,
ALATL,,,,,,,,,,,
TCHOLABCtc,,,,,,,,,,,
NTD6,,,,,,,,,,,
BETALDHx,,,,,,,,,,,
RNTR1,,,,,,,,,,,
MMSDH,,,,,,,,,,,
AACPS9,,,,,,,,,,,
GLNTRATc,,,,,,,,,,,
TYRTRS,,,,,,,,,,,
ECOAH9m,,,,,,,,,,,
GLCS2,,,,,,,,,,,
DTMPK,,,,,,,,,,,
FAS80COA_L,,,,,,,,,,,
K2L4Aabcppc,,,,,,,,,,,
EX_cd2_e,,,,,,,,,,,
PGP18111Z160t,,,,,,,,,,,
HYDAm,,,,,,,,,,,
PSD_HP,,,,,,,,,,,
CAATPS,,,,,,,,,,,
PLPSA21801829Z12Z,,,,,,,,,,,
ACOATAm,,,,,,,,,,,
SUCHMSSELCYSL,,,,,,,,,,,
ILETRS,,,,,,,,,,,
PDHm,,,,,,,,,,,
ACTD2,,,,,,,,,,,
FEOXAMabcppc,,,,,,,,,,,
TAGAH1801819Z180,,,,,,,,,,,
ATPS3m,,,,,,,,,,,
APCPT,,,,,,,,,,,
TRPTRS,,,,,,,,,,,
NADPHtu,,,,,,,,,,,
SULOm,,,,,,,,,,,
CDPDAGS1819Z160,,,,,,,,,,,
MACPD,,,,,,,,,,,
SERPT,,,,,,,,,,,
EX_g3pi_e,,,,,,,,,,,
AHSERL4,,,,,,,,,,,
MTHFDm,,,,,,,,,,,
AHHST,,,,,,,,,,,
CLPNS181,,,,,,,,,,,
DGDGGH_OLE_HDE_c,,,,,,,,,,,
AACPS1_1c,,,,,,,,,,,
NAt3_15,,,,,,,,,,,
VECOAH,,,,,,,,,,,
THIORDXi,,,,,,,,,,,
BACCL,,,,,,,,,,,
CSND,,,,,,,,,,,
DASYN141,,,,,,,,,,,
SHSL3,,,,,,,,,,,
FACOAL150_anteiso,,,,,,,,,,,
ACACT7m,,,,,,,,,,,
PLPSA218111Z1845Z9Z12Z15Z,,,,,,,,,,,
FASm2402,,,,,,,,,,,
AMETt2m,,,,,,,,,,,
DHAP_pi_thr,,,,,,,,,,,
NH4t,,,,,,,,,,,
PCHLD646ORc,,,,,,,,,,,
EX_ps180_e,,,,,,,,,,,
FASm2601,,,,,,,,,,,
EX_mn2_e,,,,,,,,,,,
PPBNGS,,,,,,,,,,,
G3PCabcppc,,,,,,,,,,,
DUTUP,,,,,,,,,,,
TAGAH1819Z18111Z160,,,,,,,,,,,
UTUP,,,,,,,,,,,
GDR_nadp_h,,,,,,,,,,,
MTHFD,,,,,,,,,,,
GK1,,,,,,,,,,,
PE1801819Zt,,,,,,,,,,,
EX_glyc3p_e,,,,,,,,,,,
ACTDa,,,,,,,,,,,
UMPKm,,,,,,,,,,,
SELTORm,,,,,,,,,,,
R5PP,,,,,,,,,,,
FACOAL171_anteiso,,,,,,,,,,,
HBZOPT6,,,,,,,,,,,
ALDD2ym,,,,,,,,,,,
KAS16,,,,,,,,,,,
CYSGLUexR,,,,,,,,,,,
ASNTRAT,,,,,,,,,,,
2AGPEAT140,,,,,,,,,,,
DGDGGH1829Z12Z1634Z7Z10Zc,,,,,,,,,,,
G1Pt6_2,,,,,,,,,,,
XYLt2,,,,,,,,,,,
FA140COAabcpc,,,,,,,,,,,
PI45BP5P_SC,,,,,,,,,,,
TAGAH16018111Z1819Z,,,,,,,,,,,
NADK,,,,,,,,,,,
EX_pe18111Z1845Z9Z12Z15Z_e,,,,,,,,,,,
ACOADAGAT18111Z18111Z1835Z9Z12Z,,,,,,,,,,,
PRPPtm,,,,,,,,,,,
TRPt,,,,,,,,,,,
XYLK,,,,,,,,,,,
OBDHc,,,,,,,,,,,
GAT1_SC,,,,,,,,,,,
ECOAH2,,,,,,,,,,,
PGSA120,,,,,,,,,,,
FACOAL141t2ppc,,,,,,,,,,,
ZYMSTt,,,,,,,,,,,
PDE4,,,,,,,,,,,
UTCY,,,,,,,,,,,
FACOAL161_ISO,,,,,,,,,,,
PDX5PS,,,,,,,,,,,
PYRShic,,,,,,,,,,,
4HALDD,,,,,,,,,,,
RAFGH,,,,,,,,,,,
G3PAT140,,,,,,,,,,,
CHITOBptsc,,,,,,,,,,,
EX_pg160_e,,,,,,,,,,,
PPNDH,,,,,,,,,,,
ATAMh,,,,,,,,,,,
THRTRS,,,,,,,,,,,
FASC201ACP,,,,,,,,,,,
PDHam1mi,,,,,,,,,,,
PS161abcppc,,,,,,,,,,,
GMHEPK,,,,,,,,,,,
PLPSA218111Z1819Z,,,,,,,,,,,
ASPOb,,,,,,,,,,,
EX_hghhlipa_e,,,,,,,,,,,
ACACT1r,,,,,,,,,,,
G3PAT160,,,,,,,,,,,
EX_fe3dhbzs_e,,,,,,,,,,,
AGPAT120,,,,,,,,,,,
MYCON5,,,,,,,,,,,
G16MT,,,,,,,,,,,
TAGAH18111Z1819Z1845Z9Z12Z15Z,,,,,,,,,,,
NNDPR,,,,,,,,,,,
DGDGGH1819Z160c,,,,,,,,,,,
NAPT,,,,,,,,,,,
ACOADAGAT1801819Z180,,,,,,,,,,,
P5CR,,,,,,,,,,,
DASYN183_9_12_15,,,,,,,,,,,
ETHAPT18111Z1819Z,,,,,,,,,,,
DGDGW3DS1839Z12Z15Z160c,,,,,,,,,,,
dgl_prod6,,,,,,,,,,,
GLYC3Ptm,,,,,,,,,,,
AGPAT180,,,,,,,,,,,
ETHAt,,,,,,,,,,,
EX_hislysthr_e,,,,,,,,,,,
DM_gln__L_c,,,,,,,,,,,
1AGPEAT1819Z1819Z,,,,,,,,,,,
EX_murein3p3p_e,,,,,,,,,,,
NAMNPP,,,,,,,,,,,
PTOR,,,,,,,,,,,
KAS14_1c,,,,,,,,,,,
ACOTAim,,,,,,,,,,,
ATPtm_H,,,,,,,,,,,
MG3A,,,,,,,,,,,
FASm3001,,,,,,,,,,,
EX_no2_e,,,,,,,,,,,
GUAC,,,,,,,,,,,
DOLASNT,,,,,,,,,,,
DNDPt40m,,,,,,,,,,,
LCADi,,,,,,,,,,,
TAGAH1819Z1819Z1835Z9Z12Z,,,,,,,,,,,
FA160COAabcpc,,,,,,,,,,,
GCPN,,,,,,,,,,,
G3PAT1819Z_1,,,,,,,,,,,
ACCOAth,,,,,,,,,,,
TAGAH16018111Z1835Z9Z12Z,,,,,,,,,,,
HACD6m,,,,,,,,,,,
MDHm,,,,,,,,,,,
HPHL,,,,,,,,,,,
QRr,,,,,,,,,,,
KAS13,,,,,,,,,,,
2AGPGAT181,,,,,,,,,,,
MCCC,,,,,,,,,,,
THFAT,,,,,,,,,,,
MANt1r,,,,,,,,,,,
TRSARr,,,,,,,,,,,
PIt,,,,,,,,,,,
GLNSP3,,,,,,,,,,,
PG181abcppc,,,,,,,,,,,
HCO3E,,,,,,,,,,,
PYRIS,,,,,,,,,,,
4HTHRA,,,,,,,,,,,
EX_all__D_e,,,,,,,,,,,
PE1801845Z9Z12Z15Zt,,,,,,,,,,,
LUMIRHODOPSINIc,,,,,,,,,,,
ALDD13,,,,,,,,,,,
FACOAL141,,,,,,,,,,,
NNOR,,,,,,,,,,,
MALTTTRabc,,,,,,,,,,,
ADD,,,,,,,,,,,
UREASE,,,,,,,,,,,
SERTRS,,,,,,,,,,,
FE3abc,,,,,,,,,,,
L_LACD2cm,,,,,,,,,,,
DHCRD1,,,,,,,,,,,
PAPSR2,,,,,,,,,,,
DAGAH18111Z18111Z,,,,,,,,,,,
PDYXPT_c,,,,,,,,,,,
ACPPAT180,,,,,,,,,,,
ADK3m,,,,,,,,,,,
VALTRSm,,,,,,,,,,,
ITCY,,,,,,,,,,,
ETFQO_1,,,,,,,,,,,
PROtm,,,,,,,,,,,
PDE5,,,,,,,,,,,
EX_ile__L_e,,,,,,,,,,,
2AGPGAT141,,,,,,,,,,,
NTD2,,,,,,,,,,,
FASC180ACP,,,,,,,,,,,
3OAS160,,,,,,,,,,,
NNDPRm,,,,,,,,,,,
EX_pe180_e,,,,,,,,,,,
6MPURPRT,,,,,,,,,,,
FASm280,,,,,,,,,,,
3HAD80,,,,,,,,,,,
NDPK10,,,,,,,,,,,
ACPPAT120,,,,,,,,,,,
TAGAH1819Z1819Z18111Z,,,,,,,,,,,
PTRCabc,,,,,,,,,,,
CAATPS_1,,,,,,,,,,,
Kt1,,,,,,,,,,,
3AIB_Dtm,,,,,,,,,,,
EX_for_e,,,,,,,,,,,
ATPS10_3,,,,,,,,,,,
OCTDPS,,,,,,,,,,,
SUCDi,,,,,,,,,,,
ACACT4r,,,,,,,,,,,
PPCOAOm,,,,,,,,,,,
HYPOE,,,,,,,,,,,
PDHe2r,,,,,,,,,,,
r2136,,,,,,,,,,,
3OAR160_m,,,,,,,,,,,
1AGPEAT1801845Z9Z12Z15Z,,,,,,,,,,,
FA182COAabcpc,,,,,,,,,,,
HCO3Em,,,,,,,,,,,
ACTNabc,,,,,,,,,,,
DM_arg__L_c,,,,,,,,,,,
5FTHFt2_1,,,,,,,,,,,
ACOADAGAT1819Z18111Z1819Z,,,,,,,,,,,
DGK1,,,,,,,,,,,
MECDPDH_syn,,,,,,,,,,,
CRNabc,,,,,,,,,,,
EX_fecrm_e,,,,,,,,,,,
FAS100COA,,,,,,,,,,,
DVPCHLD646ORc,,,,,,,,,,,
HCYSMT2,,,,,,,,,,,
DHORTS,,,,,,,,,,,
ACOAD5f,,,,,,,,,,,
PE18111Z1819Zt,,,,,,,,,,,
NH4th,,,,,,,,,,,
EAR160_m,,,,,,,,,,,
FAO161p_evenc,,,,,,,,,,,
A3GALT3c,,,,,,,,,,,
MGDGW3DS1839Z12Z15Z1644Z7Z10Z13Z1c,,,,,,,,,,,
EX_colipap_e,,,,,,,,,,,
BZSCD,,,,,,,,,,,
NADH5,,,,,,,,,,,
NADPPPS,,,,,,,,,,,
G1Dx,,,,,,,,,,,
DASYN120,,,,,,,,,,,
MGDGW3DS1839Z12Z15Z160c,,,,,,,,,,,
FECOSTt,,,,,,,,,,,
FASm340,,,,,,,,,,,
CLPNS140,,,,,,,,,,,
FAOXC1811603m,,,,,,,,,,,
ADK2,,,,,,,,,,,
METSm,,,,,,,,,,,
TUNGSabcppc,,,,,,,,,,,
ARGTRS,,,,,,,,,,,
ATPS3r,,,,,,,,,,,
HADPCOADH3,,,,,,,,,,,
MI1PP,,,,,,,,,,,
ACOADAGAT16018111Z1819Z,,,,,,,,,,,
DXPS,,,,,,,,,,,
LIPAabctexc,,,,,,,,,,,
NA1ATPasem,,,,,,,,,,,
EX_cobalt2_e,,,,,,,,,,,
FAMPL1,,,,,,,,,,,
MEPCT,,,,,,,,,,,
3OAS141,,,,,,,,,,,
GLUN,,,,,,,,,,,
OPHHX,,,,,,,,,,,
PHOMSELCYSL,,,,,,,,,,,
EX_inost_e,,,,,,,,,,,
DM_cys__L_c,,,,,,,,,,,
G3PD6,,,,,,,,,,,
G3PIabcppc,,,,,,,,,,,
LPLPS1AGPE1829Z12Z,,,,,,,,,,,
PE161abcppc,,,,,,,,,,,
PPM,,,,,,,,,,,
KAS4,,,,,,,,,,,
MALGLUth,,,,,,,,,,,
K2L4Aabctexc,,,,,,,,,,,
EX_pa161_e,,,,,,,,,,,
ALDD20y,,,,,,,,,,,
GLCNACT,,,,,,,,,,,
DAGK181_1,,,,,,,,,,,
TAURabc,,,,,,,,,,,
CYTK1,,,,,,,,,,,
TKT1,,,,,,,,,,,
UREA,,,,,,,,,,,
EX_lido_e,,,,,,,,,,,
ACOADAGAT1819Z18111Z160,,,,,,,,,,,
SULR_ferr,,,,,,,,,,,
DADK,,,,,,,,,,,
ALATA_Lm,,,,,,,,,,,
DCTUP,,,,,,,,,,,
2AGPEAT180,,,,,,,,,,,
ACGKm,,,,,,,,,,,
DSBDR,,,,,,,,,,,
TAGAH18111Z18111Z160,,,,,,,,,,,
CERS326,,,,,,,,,,,
ALAD_L,,,,,,,,,,,
TAGAH16018111Z180,,,,,,,,,,,
C160SN,,,,,,,,,,,
FACOAL161,,,,,,,,,,,
ACOAO7pc,,,,,,,,,,,
FA1819ZACPHc,,,,,,,,,,,
PGKm,,,,,,,,,,,
ACOADAGAT1601819Z1819Z,,,,,,,,,,,
THMabc,,,,,,,,,,,
TAGAH1819Z18111Z180,,,,,,,,,,,
FASm2802,,,,,,,,,,,
LEUtm,,,,,,,,,,,
ACONTa,,,,,,,,,,,
FACOAL160t2ppc,,,,,,,,,,,
STARCH300DEGRAc,,,,,,,,,,,
NMNt7,,,,,,,,,,,
PG160abcppc,,,,,,,,,,,
GCCam,,,,,,,,,,,
EAR140_m,,,,,,,,,,,
HACD5m,,,,,,,,,,,
GLCP2,,,,,,,,,,,
CDPMEK,,,,,,,,,,,
KAS14,,,,,,,,,,,
MMTSADm,,,,,,,,,,,
DDPA,,,,,,,,,,,
ETHAPT_HDE_HDE_c,,,,,,,,,,,
SALCHS4FEabcppc,,,,,,,,,,,
NMNS,,,,,,,,,,,
SHSL2,,,,,,,,,,,
EX_hghhlipan_e,,,,,,,,,,,
EX_enlipidA_e,,,,,,,,,,,
GLUTRS,,,,,,,,,,,
EAR180x,,,,,,,,,,,
VALTRS,,,,,,,,,,,
CYSTS_1c,,,,,,,,,,,
NTRARz,,,,,,,,,,,
ACOAO4pc,,,,,,,,,,,
ALDD2y,,,,,,,,,,,
ALDD11,,,,,,,,,,,
GNDc,,,,,,,,,,,
ACOADAGAT16018111Z1835Z9Z12Z,,,,,,,,,,,
ACOAD1z,,,,,,,,,,,
NDP3,,,,,,,,,,,
CHLDA1tuc,,,,,,,,,,,
FA180ACPHi,,,,,,,,,,,
INSTt2,,,,,,,,,,,
MTHFDm_1,,,,,,,,,,,
NADPPPSm,,,,,,,,,,,
NDPK1,,,,,,,,,,,
TAGAH1601819Z1819Z,,,,,,,,,,,
CLPNS160,,,,,,,,,,,
ECOAH6m,,,,,,,,,,,
FBP,,,,,,,,,,,
DAGK_OLE_PALM,,,,,,,,,,,
ACOAD4f,,,,,,,,,,,
3OAR120_m,,,,,,,,,,,
HBZOPT6m_1,,,,,,,,,,,
BUTSO3abcppc,,,,,,,,,,,
GLYCDy,,,,,,,,,,,
RPE,,,,,,,,,,,
AKGDHe2r,,,,,,,,,,,
RETINOLACACTc,,,,,,,,,,,
DGDGW6DS1829Z12Z1617Zc,,,,,,,,,,,
EX_arab__L_e,,,,,,,,,,,
MMMm,,,,,,,,,,,
EX_eca4colipa_e,,,,,,,,,,,
FACOAL100t2ppc,,,,,,,,,,,
3OAR40,,,,,,,,,,,
DAGK181,,,,,,,,,,,
LIPO3S24_BS,,,,,,,,,,,
NDPK3m,,,,,,,,,,,
CYTBD2,,,,,,,,,,,
3HAD160,,,,,,,,,,,
GLCP,,,,,,,,,,,
SQDGW3DS1839Z12Z15Z160c,,,,,,,,,,,
PA141abcppc,,,,,,,,,,,
4HTHRK,,,,,,,,,,,
ATPS4m,,,,,,,,,,,
CRNCAL2,,,,,,,,,,,
HACD10pc,,,,,,,,,,,
PNTK,,,,,,,,,,,
EAR60y,,,,,,,,,,,
ACOAD6,,,,,,,,,,,
METTRSm,,,,,,,,,,,
FUMm,,,,,,,,,,,
ASNt2r,,,,,,,,,,,
LIPAabcppc,,,,,,,,,,,
EX_pyr_e,,,,,,,,,,,
ERGSTAT_SC,,,,,,,,,,,
DM_gly_c,,,,,,,,,,,
UG6PGT,,,,,,,,,,,
MI4PP,,,,,,,,,,,
SERA_m,,,,,,,,,,,
METHFtm,,,,,,,,,,,
ECOAH4m,,,,,,,,,,,
SUAT_h,,,,,,,,,,,
3OAS100_1c,,,,,,,,,,,
MCBTS2,,,,,,,,,,,
ICDHyr,,,,,,,,,,,
EX_ps141_e,,,,,,,,,,,
3OAR80_m,,,,,,,,,,,
DGDGD4DS1819Z1634Z7Z10Zc,,,,,,,,,,,
MGDGW6DS1829Z12Z1644Z7Z10Z13Zc,,,,,,,,,,,
SO4HCOtex,,,,,,,,,,,
COLIPAabctexc,,,,,,,,,,,
PYDXO,,,,,,,,,,,
DH3MCHCDH,,,,,,,,,,,
NADHOR,,,,,,,,,,,
CHORS,,,,,,,,,,,
CATm,,,,,,,,,,,
CDGUNPD,,,,,,,,,,,
GLTS_m,,,,,,,,,,,
CINNDO,,,,,,,,,,,
EAR141x,,,,,,,,,,,
G6PI2,,,,,,,,,,,
S2FE2SS2,,,,,,,,,,,
MLDEP2ppc,,,,,,,,,,,
MGDGW3DS1839Z12Z15Z1634Z7Z10Zc,,,,,,,,,,,
EX_adprib_e,,,,,,,,,,,
FACOAL80,,,,,,,,,,,
FACOAL181_1,,,,,,,,,,,
FASC181ACP,,,,,,,,,,,
PYKm,,,,,,,,,,,
OAAtmt,,,,,,,,,,,
FASC240ACP,,,,,,,,,,,
MGSA,,,,,,,,,,,
ALDD6,,,,,,,,,,,
FACOAL161t2ppc,,,,,,,,,,,
OPMEACPD,,,,,,,,,,,
OPMEACPS,,,,,,,,,,,
DLYSOXGAT,,,,,,,,,,,
FORt2,,,,,,,,,,,
EX_no3_e,,,,,,,,,,,
TYRt2r,,,,,,,,,,,
CYSS_m,,,,,,,,,,,
EX_pgp181_e,,,,,,,,,,,
IMPDm,,,,,,,,,,,
KAS20SA,,,,,,,,,,,
PIcm,,,,,,,,,,,
DADA,,,,,,,,,,,
MLTP2,,,,,,,,,,,
ASPCT,,,,,,,,,,,
ALCD19y,,,,,,,,,,,
EX_glyb_e,,,,,,,,,,,
DM_bm,,,,,,,,,,,
EX_hdcea_e,,,,,,,,,,,
E4PD,,,,,,,,,,,
GDBTALDH,,,,,,,,,,,
DCTCP,,,,,,,,,,,
DSAT,,,,,,,,,,,
DASYN_SA,,,,,,,,,,,
3OAR180,,,,,,,,,,,
LDH_L,,,,,,,,,,,
EX_pe1819Z1829Z12Z_e,,,,,,,,,,,
PYDXOR,,,,,,,,,,,
GTHOm,,,,,,,,,,,
ADNK1,,,,,,,,,,,
ACACT6r,,,,,,,,,,,
CPGNabcppc,,,,,,,,,,,
HEMEOMOm,,,,,,,,,,,
EX_ttdcea_e,,,,,,,,,,,
EX_h_e,,,,,,,,,,,
BAMPPALDOX,,,,,,,,,,,
MALTPTabc,,,,,,,,,,,
ACACT1m,,,,,,,,,,,
NTP1,,,,,,,,,,,
UDPGtnic,,,,,,,,,,,
METHFtxc,,,,,,,,,,,
FAS181,,,,,,,,,,,
SHK3Dr,,,,,,,,,,,
ACOAO5pc,,,,,,,,,,,
GCCb,,,,,,,,,,,
EX_acolipa_e,,,,,,,,,,,
ALDD18,,,,,,,,,,,
PYR5CDmc,,,,,,,,,,,
G3PCT,,,,,,,,,,,
PTOLDOX,,,,,,,,,,,
3HAD81_m,,,,,,,,,,,
C22STDS,,,,,,,,,,,
PGPP_hscnhs,,,,,,,,,,,
KAS9,,,,,,,,,,,
OAACITtm,,,,,,,,,,,
OHPHM6nc,,,,,,,,,,,
FACOAL180t2ppc,,,,,,,,,,,
EX_pe18111Z1819Z_e,,,,,,,,,,,
ETF,,,,,,,,,,,
HEXTT,,,,,,,,,,,
PTHPS,,,,,,,,,,,
EX_pg161_e,,,,,,,,,,,
AKGDam,,,,,,,,,,,
EX_cit_e,,,,,,,,,,,
HBCO_nadp_m,,,,,,,,,,,
NTD11,,,,,,,,,,,
dgl_prod2,,,,,,,,,,,
TYRTAim,,,,,,,,,,,
DTMPt6,,,,,,,,,,,
FAS161,,,,,,,,,,,
3OAS161,,,,,,,,,,,
AKGCITtm,,,,,,,,,,,
MMTSAO,,,,,,,,,,,
ABUTD,,,,,,,,,,,
HACD3,,,,,,,,,,,
AM6SAD,,,,,,,,,,,
1AGPEAT1829Z12Z1835Z9Z12Z,,,,,,,,,,,
AHSERL3,,,,,,,,,,,
G3PD2_1c,,,,,,,,,,,
UAGDP,,,,,,,,,,,
GLYAT,,,,,,,,,,,
OIVD2,,,,,,,,,,,
CPPPGO2,,,,,,,,,,,
O2tmt,,,,,,,,,,,
DASYN161,,,,,,,,,,,
FASm220,,,,,,,,,,,
FE2GTPabc,,,,,,,,,,,
3HAD101_m,,,,,,,,,,,
G5SDym,,,,,,,,,,,
PGSA161,,,,,,,,,,,
3M2OPLOXRD,,,,,,,,,,,
FTHFCL,,,,,,,,,,,
FNOR,,,,,,,,,,,
G3PDm,,,,,,,,,,,
HBZOPT,,,,,,,,,,,
FRDO2r,,,,,,,,,,,
EX_pail1819Z160_e,,,,,,,,,,,
TAGAH1601819Z1835Z9Z12Z,,,,,,,,,,,
TAGAH1819Z1819Z1819Z,,,,,,,,,,,
MPTSS,,,,,,,,,,,
BSORy,,,,,,,,,,,
EAR100y,,,,,,,,,,,
EX_malt_e,,,,,,,,,,,
SPMDabc,,,,,,,,,,,
DGDGGH1829Z12Z1637Z10Z13Zc,,,,,,,,,,,
1AGPEAT1801835Z9Z12Z,,,,,,,,,,,
ACACT3c,,,,,,,,,,,
ACSERL,,,,,,,,,,,
PPCDC,,,,,,,,,,,
ACOAD3,,,,,,,,,,,
PINA1tm,,,,,,,,,,,
PHETHRLYSt,,,,,,,,,,,
PG161abcppc,,,,,,,,,,,
PETOHMm_cho,,,,,,,,,,,
GCCcm,,,,,,,,,,,
MOADSUx,,,,,,,,,,,
HG2abcppc,,,,,,,,,,,
ALDD10,,,,,,,,,,,
EAR60_m,,,,,,,,,,,
3OAR100_m,,,,,,,,,,,
FAO181p_evenc,,,,,,,,,,,
ACS,,,,,,,,,,,
ACOADH80_m,,,,,,,,,,,
PGPS1819Z160,,,,,,,,,,,
ACOADH120_m,,,,,,,,,,,
EX_cro4_e,,,,,,,,,,,
DNDPt54m,,,,,,,,,,,
PGK,,,,,,,,,,,
DGDGGH1829Z12Z1617Zc,,,,,,,,,,,
EAR80x,,,,,,,,,,,
SDPTA,,,,,,,,,,,
THZSN,,,,,,,,,,,
TYRt2m,,,,,,,,,,,
NTPP2,,,,,,,,,,,
TAGAH16018111Z160,,,,,,,,,,,
AACPS4,,,,,,,,,,,
OAAAKGtm,,,,,,,,,,,
EX_pg141_e,,,,,,,,,,,
FBAm,,,,,,,,,,,
EX_hco3_e,,,,,,,,,,,
SLDy,,,,,,,,,,,
PDHam2mi,,,,,,,,,,,
RNTR3,,,,,,,,,,,
DM_glu__L_c,,,,,,,,,,,
DMTc,,,,,,,,,,,
PYDXNK,,,,,,,,,,,
ALDD22x,,,,,,,,,,,
CYSS_2,,,,,,,,,,,
PDHcr,,,,,,,,,,,
NADS1m,,,,,,,,,,,
ACCOAC_h,,,,,,,,,,,
GTPCI_1,,,,,,,,,,,
r0330,,,,,,,,,,,
ACOADAGAT1801819Z18111Z,,,,,,,,,,,
ATDAMm,,,,,,,,,,,
EX_hdca_e,,,,,,,,,,,
EX_pg180_e,,,,,,,,,,,
EX_lac__L_e,,,,,,,,,,,
STARCH300DEGRBc,,,,,,,,,,,
EX_ca2_e,,,,,,,,,,,
HMPSCD,,,,,,,,,,,
ARTFR41_cho,,,,,,,,,,,
ACOADAGAT1601819Z1845Z9Z12Z15Z,,,,,,,,,,,
ALAALAabcppc,,,,,,,,,,,
ZN2t4,,,,,,,,,,,
UDPDPS2,,,,,,,,,,,
MALT,,,,,,,,,,,
THD1m,,,,,,,,,,,
PE160abcppc,,,,,,,,,,,
FAS200,,,,,,,,,,,
DASYN183_6_9_12,,,,,,,,,,,
THZPSN3,,,,,,,,,,,
3OAR160,,,,,,,,,,,
PGCM,,,,,,,,,,,
GALt2_2,,,,,,,,,,,
HACDpc,,,,,,,,,,,
PTRCTA,,,,,,,,,,,
DGDGW3DS1839Z12Z15Z1644Z7Z10Z13Zc,,,,,,,,,,,
NNATr,,,,,,,,,,,
PLPSA21801835Z9Z12Z,,,,,,,,,,,
GAPD,,,,,,,,,,,
HEMEOSm_1,,,,,,,,,,,
EX_pgp120_e,,,,,,,,,,,
PLPSA21801819Z,,,,,,,,,,,
CYO1b,,,,,,,,,,,
ATP_3h_tm,,,,,,,,,,,
ACOADAGAT1601819Z18111Z,,,,,,,,,,,
AGPAT161,,,,,,,,,,,
KAS_HP,,,,,,,,,,,
FADFMNtm,,,,,,,,,,,
CERH126,,,,,,,,,,,
GK2,,,,,,,,,,,
PGPPTnhs,,,,,,,,,,,
PPNCL2,,,,,,,,,,,
EX_pe18111Z1829Z12Z_e,,,,,,,,,,,
MDH,,,,,,,,,,,
ARTPLM1,,,,,,,,,,,
ACPS1,,,,,,,,,,,
O2tm,,,,,,,,,,,
AGPAT140,,,,,,,,,,,
3OAS60_1c,,,,,,,,,,,
EX_enter_e,,,,,,,,,,,
RNTR3c,,,,,,,,,,,
G6PI_1,,,,,,,,,,,
ADSL1r,,,,,,,,,,,
MTHFC,,,,,,,,,,,
DPR,,,,,,,,,,,
PGD3TDS1829Z12Z1613Ec,,,,,,,,,,,
HMR_9608,,,,,,,,,,,
PIt9,,,,,,,,,,,
EX_pg1819Z160_e,,,,,,,,,,,
FE2DMT1,,,,,,,,,,,
ACOADAGAT1601819Z180,,,,,,,,,,,
TAGAH1819Z1819Z1845Z9Z12Z15Z,,,,,,,,,,,
SUCptspp_1,,,,,,,,,,,
KAS1,,,,,,,,,,,
ACCOAC_1c,,,,,,,,,,,
PIt2m,,,,,,,,,,,
ALDD8,,,,,,,,,,,
EX_4abut_e,,,,,,,,,,,
ALDD12,,,,,,,,,,,
CLIPAabctexc,,,,,,,,,,,
A3GALT2c,,,,,,,,,,,
3OAR181,,,,,,,,,,,
3OAR140,,,,,,,,,,,
ACOADAGAT1819Z1819Z18111Z,,,,,,,,,,,
EX_pa180_e,,,,,,,,,,,
CYSabc,,,,,,,,,,,
ACOADAGAT18111Z18111Z180,,,,,,,,,,,
AMALT4,,,,,,,,,,,
DTARTD,,,,,,,,,,,
EX_lipa_e,,,,,,,,,,,
THMPPt2m,,,,,,,,,,,
EX_phethrlys_e,,,,,,,,,,,
CTPS2,,,,,,,,,,,
THRS,,,,,,,,,,,
EPISTAT_SC,,,,,,,,,,,
OHPHM,,,,,,,,,,,
FRDO3r,,,,,,,,,,,
RNTR2,,,,,,,,,,,
FEDCabc,,,,,,,,,,,
AMCOXO,,,,,,,,,,,
1AGPEAT18111Z1819Z,,,,,,,,,,,
METARHODOPSINHc,,,,,,,,,,,
SEAHCYSHYD_1,,,,,,,,,,,
CPPPGOAN2,,,,,,,,,,,
CLPNS180,,,,,,,,,,,
ACOADAGAT1819Z1819Z180,,,,,,,,,,,
PROabc,,,,,,,,,,,
DXHPScm,,,,,,,,,,,
RNDR2,,,,,,,,,,,
EAR161y,,,,,,,,,,,
FASm240,,,,,,,,,,,
EX_pe141_e,,,,,,,,,,,
ALDD16,,,,,,,,,,,
MLTG4,,,,,,,,,,,
MYCSacp58,,,,,,,,,,,
Kabc,,,,,,,,,,,
NO2t3,,,,,,,,,,,
ATPS4r,,,,,,,,,,,
I2FE2SS,,,,,,,,,,,
POR_1,,,,,,,,,,,
PYDXS,,,,,,,,,,,
CRNCDH,,,,,,,,,,,
ALCD1,,,,,,,,,,,
PYK2,,,,,,,,,,,
CITtcm,,,,,,,,,,,
ASPOR_m,,,,,,,,,,,
PG1819Z160t,,,,,,,,,,,
DGDGW6DS1829Z12Z160c,,,,,,,,,,,
PHETHRLYSr,,,,,,,,,,,
SUCFUMtm,,,,,,,,,,,
MMSAD2,,,,,,,,,,,
NADH2_u6cm,,,,,,,,,,,
RIBabc,,,,,,,,,,,
NDPK2m,,,,,,,,,,,
CYSATm,,,,,,,,,,,
EX_arbtn_fe3_e,,,,,,,,,,,
EX_pa141_e,,,,,,,,,,,
FAO80pc,,,,,,,,,,,
SPTc,,,,,,,,,,,
HISTP,,,,,,,,,,,
FASm260,,,,,,,,,,,
ALATA_L,,,,,,,,,,,
ETHAPT1819Z1819Z,,,,,,,,,,,
Protein_t,,,,,,,,,,,
QULNS,,,,,,,,,,,
FEENTERabcppc,,,,,,,,,,,
PGW3DS1839Z12Z15Z160c,,,,,,,,,,,
SADT2,,,,,,,,,,,
3OAR140_m,,,,,,,,,,,
ALDD9,,,,,,,,,,,
CYTDK1,,,,,,,,,,,
FASm2602,,,,,,,,,,,
EAR80_m,,,,,,,,,,,
EAR181y,,,,,,,,,,,
AKGDb,,,,,,,,,,,
SERASr,,,,,,,,,,,
ADSL2r,,,,,,,,,,,
FASm1601,,,,,,,,,,,
TAGAH1819Z1819Z180,,,,,,,,,,,
GLYCt,,,,,,,,,,,
PPCK,,,,,,,,,,,
2AGPGAT161,,,,,,,,,,,
FASm300,,,,,,,,,,,
BUP2,,,,,,,,,,,
CHLPCTD,,,,,,,,,,,
TYRTA,,,,,,,,,,,
DATCY,,,,,,,,,,,
ACOAD5_1,,,,,,,,,,,
EX_pe1801845Z9Z12Z15Z_e,,,,,,,,,,,
DHR,,,,,,,,,,,
A2GALT4c,,,,,,,,,,,
FTHFD,,,,,,,,,,,
3OAS181_1,,,,,,,,,,,
2AGPGAT180,,,,,,,,,,,
ETHAPT,,,,,,,,,,,
CYSLY3,,,,,,,,,,,
ABFPT,,,,,,,,,,,
PGD3TDS1819Z1613Ec,,,,,,,,,,,
UAG4E,,,,,,,,,,,
SLCYSS,,,,,,,,,,,
ADNCYC,,,,,,,,,,,
EX_glyc2p_e,,,,,,,,,,,
ITCOALm,,,,,,,,,,,
ECOAH8,,,,,,,,,,,
G6PP,,,,,,,,,,,
EX_orn_e,,,,,,,,,,,
AGAKIc,,,,,,,,,,,
FAMPL3,,,,,,,,,,,
EX_actn__R_e,,,,,,,,,,,
GLUt7m,,,,,,,,,,,
NPHS,,,,,,,,,,,
LDH2,,,,,,,,,,,
ATPS,,,,,,,,,,,
ACOAD2,,,,,,,,,,,
FADMQOR,,,,,,,,,,,
DGTUP,,,,,,,,,,,
3OAR60,,,,,,,,,,,
EAR40y,,,,,,,,,,,
FACOAL_160_m,,,,,,,,,,,
34DHALDD,,,,,,,,,,,
PLPS,,,,,,,,,,,
HPROa,,,,,,,,,,,
CRETINOLPMTACTc,,,,,,,,,,,
KAS_HP2,,,,,,,,,,,
DGTPtmc,,,,,,,,,,,
DXS,,,,,,,,,,,
ACACT6m,,,,,,,,,,,
PG140abcppc,,,,,,,,,,,
r0483,,,,,,,,,,,
3HAD40,,,,,,,,,,,
PCFLOPm_cho,,,,,,,,,,,
BAMPPALDOXm,,,,,,,,,,,
CHOLD,,,,,,,,,,,
FOMETRi,,,,,,,,,,,
NNATm,,,,,,,,,,,
HMR_0180,,,,,,,,,,,
CLPNS120,,,,,,,,,,,
PAIL1819Z160t,,,,,,,,,,,
SULR_1,,,,,,,,,,,
NFTYROX,,,,,,,,,,,
ACACT5r,,,,,,,,,,,
EAR180y,,,,,,,,,,,
ASNS1,,,,,,,,,,,
ARGDC,,,,,,,,,,,
EX_pe140_e,,,,,,,,,,,
AACPS3,,,,,,,,,,,
PIt5m,,,,,,,,,,,
AMMQT7,,,,,,,,,,,
TRPAS1,,,,,,,,,,,
OGMEACPD,,,,,,,,,,,
NAt5,,,,,,,,,,,
OGMEACPS,,,,,,,,,,,
ACTD,,,,,,,,,,,
FE3DCITabcppc,,,,,,,,,,,
FAO161p_oddc,,,,,,,,,,,
PGSA141,,,,,,,,,,,
3HPCOAHYD,,,,,,,,,,,
EX_butso3_e,,,,,,,,,,,
NTRIR_h,,,,,,,,,,,
PPANA,,,,,,,,,,,
FAS120COA,,,,,,,,,,,
CRNDCAL2,,,,,,,,,,,
ACOADAGAT18111Z1819Z1845Z9Z12Z15Z,,,,,,,,,,,
EX_pg120_e,,,,,,,,,,,
ORNTA_1,,,,,,,,,,,
G12MT1,,,,,,,,,,,
GLUS_ferrc,,,,,,,,,,,
4H3NALDD,,,,,,,,,,,
DHQS,,,,,,,,,,,
DM_ala__L_c,,,,,,,,,,,
HISLYSTHRr,,,,,,,,,,,
ALCD19_L,,,,,,,,,,,
GCC2am,,,,,,,,,,,
HACD1,,,,,,,,,,,
PLPSA21819Z1835Z9Z12Z,,,,,,,,,,,
FA180ACPH,,,,,,,,,,,
LYSLYSLYSr,,,,,,,,,,,
ECOAH7,,,,,,,,,,,
NDPK4m,,,,,,,,,,,
MOD_2mbdhl,,,,,,,,,,,
FRDO,,,,,,,,,,,
NaKt_1,,,,,,,,,,,
DAGK18111Z1819Z,,,,,,,,,,,
MGDGD7DS1819Z1617Zc,,,,,,,,,,,
GLCGSD,,,,,,,,,,,
AMPDA,,,,,,,,,,,
ECOAH3,,,,,,,,,,,
FADH2tm,,,,,,,,,,,
ACOADAGAT1819Z18111Z1845Z9Z12Z15Z,,,,,,,,,,,
CYOO3,,,,,,,,,,,
ACOAD6f,,,,,,,,,,,
LYSLYSLYSt,,,,,,,,,,,
EX_octa_e,,,,,,,,,,,
FORAMD,,,,,,,,,,,
13GS,,,,,,,,,,,
ACACT6pc,,,,,,,,,,,
PPRDNDH,,,,,,,,,,,
EX_fe3hox_e,,,,,,,,,,,
PE18111Z1829Z12Zt,,,,,,,,,,,
MGDGW6DS1829Z12Z1627Z10Z1c,,,,,,,,,,,
EX_zn2_e,,,,,,,,,,,
EX_zymst_e,,,,,,,,,,,
PS140abcppc,,,,,,,,,,,
r0047,,,,,,,,,,,
6TINS5MPOR,,,,,,,,,,,
GTHAMPORh,,,,,,,,,,,
ACACT2r,,,,,,,,,,,
CEPTE_cho,,,,,,,,,,,
EX_gln__L_e,,,,,,,,,,,
CYTK2,,,,,,,,,,,
ASAD,,,,,,,,,,,
PRO1xm,,,,,,,,,,,
NTRLASE,,,,,,,,,,,
MG2B,,,,,,,,,,,
ALATRS,,,,,,,,,,,
GGGABADr,,,,,,,,,,,
OXO2Ctm,,,,,,,,,,,
FASC182ACP,,,,,,,,,,,
NDPK7,,,,,,,,,,,
G3PD1ir,,,,,,,,,,,
NAt3_1,,,,,,,,,,,
lipid2,,,,,,,,,,,
EX_asp__L_e,,,,,,,,,,,
ACSERthi,,,,,,,,,,,
A2GALT1c,,,,,,,,,,,
FACOAL170_anteiso,,,,,,,,,,,
PACOAL,,,,,,,,,,,
THD2,,,,,,,,,,,
CHLSTI_1,,,,,,,,,,,
EX_asn__L_e,,,,,,,,,,,
3HAD161,,,,,,,,,,,
ARMT,,,,,,,,,,,
HMBS,,,,,,,,,,,
I2FE2SR,,,,,,,,,,,
NDPK2,,,,,,,,,,,
NOS,,,,,,,,,,,
PIN4K_SC,,,,,,,,,,,
MCLORi,,,,,,,,,,,
GMPR,,,,,,,,,,,
3OAS121,,,,,,,,,,,
NADS2,,,,,,,,,,,
MYCON3,,,,,,,,,,,
DM_leu__L_c,,,,,,,,,,,
PS180abcppc,,,,,,,,,,,
EX_ferrich_e,,,,,,,,,,,
AGXT2L2,,,,,,,,,,,
IGPS,,,,,,,,,,,
AHALc,,,,,,,,,,,
SPODM,,,,,,,,,,,
LCYSTATm,,,,,,,,,,,
SHSL2r,,,,,,,,,,,
HCGALm,,,,,,,,,,,
PE1819Z1829Z12Zt,,,,,,,,,,,
HBCO_nadp,,,,,,,,,,,
AASAD2,,,,,,,,,,,
ACLSa,,,,,,,,,,,
HBZOPT6m,,,,,,,,,,,
OAAICITtm,,,,,,,,,,,
PHETHPTOX,,,,,,,,,,,
MALTHXabc,,,,,,,,,,,
PGLYCP,,,,,,,,,,,
DM_asp__L_c,,,,,,,,,,,
DHFR,,,,,,,,,,,
DGDGGH1829Z12Z1619Zc,,,,,,,,,,,
LIPOti,,,,,,,,,,,
ALATA_D2,,,,,,,,,,,
ACYP,,,,,,,,,,,
GLUKA,,,,,,,,,,,
EX_ttdca_e,,,,,,,,,,,
AOXSr,,,,,,,,,,,
ASP4DC,,,,,,,,,,,
DUTCP,,,,,,,,,,,
FACOAL1821,,,,,,,,,,,
3OAS100,,,,,,,,,,,
EX_sphmyln_e,,,,,,,,,,,
FRUt2,,,,,,,,,,,
NADDP,,,,,,,,,,,
CDIPT18111Z160,,,,,,,,,,,
MI3PP,,,,,,,,,,,
DASYN_SC,,,,,,,,,,,
PGD3TDS18111Z1613Ec,,,,,,,,,,,
PGM,,,,,,,,,,,
MGDGW3DS1839Z12Z15Z1644Z7Z10Z13Z2c,,,,,,,,,,,
ORNabc,,,,,,,,,,,
TAGAH1601819Z180,,,,,,,,,,,
HMGL_1,,,,,,,,,,,
ACOAD3f,,,,,,,,,,,
PG180abcppc,,,,,,,,,,,
SALCHS2FEabcppc,,,,,,,,,,,
GLYCL_2,,,,,,,,,,,
CYTBD,,,,,,,,,,,
G1P_pi_th,,,,,,,,,,,
STARCH300DEGR2Ac,,,,,,,,,,,
THFtm_1,,,,,,,,,,,
PE1819Z1835Z9Z12Zt,,,,,,,,,,,
HISTRSm,,,,,,,,,,,
EX_malthx_e,,,,,,,,,,,
GLUSy,,,,,,,,,,,
FAS180,,,,,,,,,,,
NO2th,,,,,,,,,,,
GND,,,,,,,,,,,
ACYP_2,,,,,,,,,,,
GCLDH,,,,,,,,,,,
MOD_2mhop,,,,,,,,,,,
FADRx2,,,,,,,,,,,
ACOADH60_m,,,,,,,,,,,
PGP1819Z160t,,,,,,,,,,,
FAO182p_evenevenc,,,,,,,,,,,
ASPTAm,,,,,,,,,,,
PKETF,,,,,,,,,,,
MCBTS,,,,,,,,,,,
ARABDI,,,,,,,,,,,
AGPRim,,,,,,,,,,,
TYRTAi,,,,,,,,,,,
CTBTCAL2,,,,,,,,,,,
UTPtm,,,,,,,,,,,
CBL,,,,,,,,,,,
GHMT2r,,,,,,,,,,,
DM_asn__L_c,,,,,,,,,,,
C140SN,,,,,,,,,,,
ORNt,,,,,,,,,,,
MTAM,,,,,,,,,,,
2HP6MPMOm,,,,,,,,,,,
ACHMSSELCYSL,,,,,,,,,,,
GTPCI,,,,,,,,,,,
G3PGabcppc,,,,,,,,,,,
AKGMALtm,,,,,,,,,,,
MLDEP1ppc,,,,,,,,,,,
ALDD20x_1,,,,,,,,,,,
EX_pheme_e,,,,,,,,,,,
EAR141y,,,,,,,,,,,
GLUCYS,,,,,,,,,,,
DGDGW3DS1839Z12Z15Z1637Z10Z13Z2c,,,,,,,,,,,
SO4ti,,,,,,,,,,,
CHYA2c,,,,,,,,,,,
ERGSTt,,,,,,,,,,,
FASm2401,,,,,,,,,,,
PGP160abcppc,,,,,,,,,,,
CMPtm,,,,,,,,,,,
EX_etha_e,,,,,,,,,,,
DASYN140,,,,,,,,,,,
EX_gal_e,,,,,,,,,,,
QUILSYN,,,,,,,,,,,
FPPShc,,,,,,,,,,,
GLCOASYNTc,,,,,,,,,,,
UAGAAT,,,,,,,,,,,
FE2abc,,,,,,,,,,,
GALt2,,,,,,,,,,,
SO4t_h,,,,,,,,,,,
ETHAPT_STC_STC_c,,,,,,,,,,,
SO4t2,,,,,,,,,,,
OMBZLM6m,,,,,,,,,,,
EX_salchs2fe_e,,,,,,,,,,,
MALICITtm,,,,,,,,,,,
NPH,,,,,,,,,,,
LALDO3,,,,,,,,,,,
MGDGW3DS1819Z1637Z10Z13Zc,,,,,,,,,,,
BATHORHODOPSINIc,,,,,,,,,,,
MI145PK,,,,,,,,,,,
ARGDI,,,,,,,,,,,
FACOAL171_ISO,,,,,,,,,,,
LIPOS,,,,,,,,,,,
GTPOPm,,,,,,,,,,,
FACOAL181,,,,,,,,,,,
RHODOPSINRTc,,,,,,,,,,,
TMDK1,,,,,,,,,,,
AASDH1_c,,,,,,,,,,,
EX_kdo2lipid4_e,,,,,,,,,,,
LIPOti_1,,,,,,,,,,,
DNDPt35m,,,,,,,,,,,
OIVD3m,,,,,,,,,,,
CTPtm,,,,,,,,,,,
dgl_prod1,,,,,,,,,,,
HPYRRx,,,,,,,,,,,
ALAtmi,,,,,,,,,,,
FAMPL4,,,,,,,,,,,
C190cSN,,,,,,,,,,,
NDPK9m,,,,,,,,,,,
METB1,,,,,,,,,,,
DBRC,,,,,,,,,,,
GLYALDDr,,,,,,,,,,,
NMNHYD,,,,,,,,,,,
DTTUP,,,,,,,,,,,
PGSA180,,,,,,,,,,,
IPDPUPT,,,,,,,,,,,
P5CDm,,,,,,,,,,,
VCOAD,,,,,,,,,,,
KAS3,,,,,,,,,,,
G3PAT120,,,,,,,,,,,
CLFORtex,,,,,,,,,,,
EX_26dmani_e,,,,,,,,,,,
VALtec,,,,,,,,,,,
EX_pe1801829Z12Z_e,,,,,,,,,,,
3DSPHR,,,,,,,,,,,
DASYN181_9,,,,,,,,,,,
MAN6PI,,,,,,,,,,,
OXPTNDH,,,,,,,,,,,
ICDHym,,,,,,,,,,,
FTCL,,,,,,,,,,,
ADSHm,,,,,,,,,,,
GHMT2rm,,,,,,,,,,,
HEMEti,,,,,,,,,,,
CYTDK2,,,,,,,,,,,
AHSERL2_1,,,,,,,,,,,
NDPK3,,,,,,,,,,,
NTD10,,,,,,,,,,,
OIVD1r,,,,,,,,,,,
GGPS_1c,,,,,,,,,,,
NTD8,,,,,,,,,,,
2AGPGAT160,,,,,,,,,,,
FACOAL160,,,,,,,,,,,
RNDR4,,,,,,,,,,,
THRTHRARGr,,,,,,,,,,,
GMP5N,,,,,,,,,,,
HCYSMT,,,,,,,,,,,
EX_succ_e,,,,,,,,,,,
5FTHFt,,,,,,,,,,,
ORNTACim,,,,,,,,,,,
EX_pgp180_e,,,,,,,,,,,
EX_5fthf_e,,,,,,,,,,,
ECOAH2m,,,,,,,,,,,
PE1801835Z9Z12Zt,,,,,,,,,,,
ADA,,,,,,,,,,,
EX_pail18111Z160_e,,,,,,,,,,,
MCITSm,,,,,,,,,,,
MMSAD3m,,,,,,,,,,,
THFATm,,,,,,,,,,,
METGL,,,,,,,,,,,
FACOAL60t2ppc,,,,,,,,,,,
RBK,,,,,,,,,,,
PYDXK,,,,,,,,,,,
DHQTi,,,,,,,,,,,
DM_pro__L_c,,,,,,,,,,,
OXGDC,,,,,,,,,,,
ACOAR7mc,,,,,,,,,,,
NA1Htm,,,,,,,,,,,
NTRIR2y,,,,,,,,,,,
GDMANE,,,,,,,,,,,
ALDD15,,,,,,,,,,,
ASPK,,,,,,,,,,,
NTD1,,,,,,,,,,,
EX_LptA_e,,,,,,,,,,,
DASYN160,,,,,,,,,,,
FPGS_tm,,,,,,,,,,,
NBAH,,,,,,,,,,,
RTOT4_cho,,,,,,,,,,,
SO3abcppc,,,,,,,,,,,
D3AIBTm,,,,,,,,,,,
PI35BP5P_SC,,,,,,,,,,,
APNPT,,,,,,,,,,,
ANNAT,,,,,,,,,,,
MCITL2,,,,,,,,,,,
EX_pg181_e,,,,,,,,,,,
EAR120y,,,,,,,,,,,
EX_egly_e,,,,,,,,,,,
PYDAMK,,,,,,,,,,,
PGAMT,,,,,,,,,,,
ASNTRSm,,,,,,,,,,,
G12MT2,,,,,,,,,,,
IMPD,,,,,,,,,,,
TRDRm,,,,,,,,,,,
GLCt2,,,,,,,,,,,
DMQMT,,,,,,,,,,,
NADPtmt,,,,,,,,,,,
LIPATPT,,,,,,,,,,,
G12MT4,,,,,,,,,,,
ACOADH160_m,,,,,,,,,,,
PDX5POi,,,,,,,,,,,
DGDGGH1819Z1627Z10Zc,,,,,,,,,,,
2DHPFALDL,,,,,,,,,,,
3HOPCD,,,,,,,,,,,
HMR_4957,,,,,,,,,,,
GBEZ,,,,,,,,,,,
RE2912M,,,,,,,,,,,
HACD7m,,,,,,,,,,,
DKGLCNR1,,,,,,,,,,,
OCT,,,,,,,,,,,
PA181abcppc,,,,,,,,,,,
GALS3,,,,,,,,,,,
MLTP3,,,,,,,,,,,
ACACT3m,,,,,,,,,,,
ILEt2r,,,,,,,,,,,
ALDD7,,,,,,,,,,,
AMMQLT8,,,,,,,,,,,
AACPS8,,,,,,,,,,,
EX_g3pg_e,,,,,,,,,,,
HMR_0188,,,,,,,,,,,
EPMGH,,,,,,,,,,,
COAtim,,,,,,,,,,,
MGHBc,,,,,,,,,,,
EX_fecost_e,,,,,,,,,,,
LYSDC,,,,,,,,,,,
BETALDHy,,,,,,,,,,,
PYDXNO,,,,,,,,,,,
PGP161abcppc,,,,,,,,,,,
CYOR_u6m,,,,,,,,,,,
ACOADAGAT18111Z1819Z1819Z,,,,,,,,,,,
HOXPRx,,,,,,,,,,,
ACOADH100_m,,,,,,,,,,,
SPMS,,,,,,,,,,,
SMO,,,,,,,,,,,
ALDD31_1,,,,,,,,,,,
IDPm,,,,,,,,,,,
ARGN,,,,,,,,,,,
EX_rib__D_e,,,,,,,,,,,
FACOAL180_1,,,,,,,,,,,
EX_malttr_e,,,,,,,,,,,
DAPDC,,,,,,,,,,,
ACSERSULLm,,,,,,,,,,,
ASPTA,,,,,,,,,,,
G5SD,,,,,,,,,,,
FA120ACPHi,,,,,,,,,,,
CLPNS161,,,,,,,,,,,
FACOAL182,,,,,,,,,,,
NAt3_2,,,,,,,,,,,
HXPRT,,,,,,,,,,,
EX_pe1819Z1835Z9Z12Z_e,,,,,,,,,,,
DCTPD2,,,,,,,,,,,
FRULYSK,,,,,,,,,,,
HPYRDC,,,,,,,,,,,
FEENTER2tppc,,,,,,,,,,,
TGUAPRT,,,,,,,,,,,
CTECOAI6,,,,,,,,,,,
DGDGD7DS1829Z12Z1617Zc,,,,,,,,,,,
ACOADAGAT18111Z18111Z18111Z,,,,,,,,,,,
ACth,,,,,,,,,,,
EX_val__L_e,,,,,,,,,,,
MLTG2,,,,,,,,,,,
3HAD120,,,,,,,,,,,
RIBabc1,,,,,,,,,,,
ASNtm_1,,,,,,,,,,,
EX_14glucan_e,,,,,,,,,,,
EAR160x,,,,,,,,,,,
EX_g3pc_e,,,,,,,,,,,
SQLErxc,,,,,,,,,,,
HIBH,,,,,,,,,,,
DGDGW3DS1839Z12Z15Z1634Z7Z10Zc,,,,,,,,,,,
NDPK7m,,,,,,,,,,,
3OAS60,,,,,,,,,,,
CLPNS_SA,,,,,,,,,,,
ACOADAGAT18111Z1819Z180,,,,,,,,,,,
1AGPEAT18111Z1845Z9Z12Z15Z,,,,,,,,,,,
EX_mal__L_e,,,,,,,,,,,
DGDGGH1839Z12Z15Z1627Z10Zc,,,,,,,,,,,
SULO,,,,,,,,,,,
EGMEACPR,,,,,,,,,,,
CAt4,,,,,,,,,,,
DGDGGH1829Z12Z1627Z10Zc,,,,,,,,,,,
UDPG4E,,,,,,,,,,,
dgl_prod8,,,,,,,,,,,
MALOAAtm,,,,,,,,,,,
PA161abcppc,,,,,,,,,,,
THZPSN,,,,,,,,,,,
ADK4m,,,,,,,,,,,
TAGAH1819Z1819Z160,,,,,,,,,,,
GPDDA3,,,,,,,,,,,
DASYN180,,,,,,,,,,,
PHACOAOR,,,,,,,,,,,
PPAm,,,,,,,,,,,
FAS180COA,,,,,,,,,,,
AOXSr2,,,,,,,,,,,
PACCOAL2,,,,,,,,,,,
NADS1,,,,,,,,,,,
SULabc,,,,,,,,,,,
FACOAL200,,,,,,,,,,,
CHORM,,,,,,,,,,,
CYTMQOR3ppc,,,,,,,,,,,
GCALDD,,,,,,,,,,,
3HAD121,,,,,,,,,,,
THFOR1,,,,,,,,,,,
ASNt2m,,,,,,,,,,,
TAGAH_HDE_HDE_PALM_c,,,,,,,,,,,
DTTPtm_cho,,,,,,,,,,,
FAS80_L,,,,,,,,,,,
DHORD2,,,,,,,,,,,
METSOXR1,,,,,,,,,,,
DATUP,,,,,,,,,,,
URIDK2m,,,,,,,,,,,
AO,,,,,,,,,,,
UDPDPS,,,,,,,,,,,
ACCOAC,,,,,,,,,,,
AHCi,,,,,,,,,,,
EAR121x,,,,,,,,,,,
DGDGW6DS1829Z12Z1637Z10Z13Zc,,,,,,,,,,,
DCTPtm_cho,,,,,,,,,,,
FACOAL80t2ppc,,,,,,,,,,,
DHORD5,,,,,,,,,,,
MDHy,,,,,,,,,,,
CAT,,,,,,,,,,,
EX_maltpt_e,,,,,,,,,,,
PGP141abcppc,,,,,,,,,,,
CYSGLNNaEx,,,,,,,,,,,
ACACT7pc,,,,,,,,,,,
EX_so4_e,,,,,,,,,,,
POAThc,,,,,,,,,,,
1AGPEAT1819Z1829Z12Z,,,,,,,,,,,
ACOADAGAT18111Z18111Z1819Z,,,,,,,,,,,
TRETINOLPMTACTc,,,,,,,,,,,
EX_colipa_e,,,,,,,,,,,
OIVD3,,,,,,,,,,,
ACOADAGAT1819Z1819Z1845Z9Z12Z15Z,,,,,,,,,,,
GPPShc,,,,,,,,,,,
BPNT2,,,,,,,,,,,
SPRMt2i,,,,,,,,,,,
NDPK8,,,,,,,,,,,
EX_pe1801835Z9Z12Z_e,,,,,,,,,,,
EX_pa181_e,,,,,,,,,,,
PIt2m_2,,,,,,,,,,,
RNDR3,,,,,,,,,,,
ATGDm,,,,,,,,,,,
TAGAH1601819Z1845Z9Z12Z15Z,,,,,,,,,,,
ASNGLNNaEx,,,,,,,,,,,
G3PAT180,,,,,,,,,,,
MGDGW6DS1829Z12Z1617Zc,,,,,,,,,,,
PLPSA218111Z1829Z12Z,,,,,,,,,,,
ECOAH9ir,,,,,,,,,,,
ACONT,,,,,,,,,,,
DGDGD4DS1829Z12Z1634Z7Z10Zc,,,,,,,,,,,
STARCH300Sc,,,,,,,,,,,
MTGHc,,,,,,,,,,,
ARTFR42_cho,,,,,,,,,,,
AGAIAGT,,,,,,,,,,,
MGDGW3DS1839Z12Z15Z1637Z10Z13Z2c,,,,,,,,,,,
EX_hxa_e,,,,,,,,,,,
PUNP4,,,,,,,,,,,
HMPK1,,,,,,,,,,,
PDXPP,,,,,,,,,,,
ECH_3hivcoa,,,,,,,,,,,
DAGK141,,,,,,,,,,,
PUTA3,,,,,,,,,,,
TRE6PP,,,,,,,,,,,
HPROb,,,,,,,,,,,
MI1456PKnc,,,,,,,,,,,
LIPACabcppc,,,,,,,,,,,
ACOAR3mc,,,,,,,,,,,
GPAR,,,,,,,,,,,
GM2LIPAabcppc,,,,,,,,,,,
4M2OPLOXRD,,,,,,,,,,,
AACPS5,,,,,,,,,,,
DAGAH18111Z1819Z,,,,,,,,,,,
ALASm,,,,,,,,,,,
PACCOAL3,,,,,,,,,,,
GRTT,,,,,,,,,,,
ACCOAtm,,,,,,,,,,,
GCCa,,,,,,,,,,,
SUCD3_u6m,,,,,,,,,,,
FACOAL1832,,,,,,,,,,,
PTRCOX1,,,,,,,,,,,
FASm2201,,,,,,,,,,,
CRO4abcppc,,,,,,,,,,,
ARABR,,,,,,,,,,,
GLYBabc,,,,,,,,,,,
ACOAD1f,,,,,,,,,,,
FUM,,,,,,,,,,,
RNDR3b,,,,,,,,,,,
FASC221ACP,,,,,,,,,,,
P5CRm,,,,,,,,,,,
PERD,,,,,,,,,,,
ARBTNabcppc,,,,,,,,,,,
BTNCc,,,,,,,,,,,
EX_pe18111Z1835Z9Z12Z_e,,,,,,,,,,,
TAGAH16018111Z1845Z9Z12Z15Z,,,,,,,,,,,
DM_ile__L_c,,,,,,,,,,,
COLIPAabcppc,,,,,,,,,,,
EAR120_m,,,,,,,,,,,
FACOAL170_ISO,,,,,,,,,,,
EX_pa160_e,,,,,,,,,,,
G3PAT161,,,,,,,,,,,
ACACT2m,,,,,,,,,,,
FAS160,,,,,,,,,,,
DNTPPA,,,,,,,,,,,
EX_crn_e,,,,,,,,,,,
3OAR80,,,,,,,,,,,
MI1PS,,,,,,,,,,,
PROAKGOX1,,,,,,,,,,,
ORNTA,,,,,,,,,,,
SUCD1m,,,,,,,,,,,
CYS,,,,,,,,,,,
PG141abcppc,,,,,,,,,,,
GLCS1,,,,,,,,,,,
ACOADAGAT1819Z18111Z180,,,,,,,,,,,
CEPTC_cho,,,,,,,,,,,
PGP140abcppc,,,,,,,,,,,
ACOAD1,,,,,,,,,,,
PMANM,,,,,,,,,,,
STACHGALACT,,,,,,,,,,,
EX_phephethr_e,,,,,,,,,,,
AACPS4_1c,,,,,,,,,,,
r0398,,,,,,,,,,,
CPPPGO_1c,,,,,,,,,,,
PGSA_SA,,,,,,,,,,,
PRPPS,,,,,,,,,,,
SALCHS4abcppc,,,,,,,,,,,
AMMQT8_2,,,,,,,,,,,
G12MT3,,,,,,,,,,,
GLYC3Pabc,,,,,,,,,,,
PHEPHETHRr,,,,,,,,,,,
2AGPEAT181,,,,,,,,,,,
GRXR,,,,,,,,,,,
NDPK5,,,,,,,,,,,
URIK1,,,,,,,,,,,
DGDGGH1839Z12Z15Z1637Z10Z13Zc,,,,,,,,,,,
GLCNACPT,,,,,,,,,,,
MI1345PKnc,,,,,,,,,,,
COA1819ZD9DS,,,,,,,,,,,
3OAS120,,,,,,,,,,,
MMSDHir,,,,,,,,,,,
ENLIPIDAt1exc,,,,,,,,,,,
PREPTHS,,,,,,,,,,,
AP4AH,,,,,,,,,,,
CLt_e,,,,,,,,,,,
PLPSA218111Z1835Z9Z12Z,,,,,,,,,,,
MCPST,,,,,,,,,,,
3OACOAR,,,,,,,,,,,
ANS,,,,,,,,,,,
LYSTRS,,,,,,,,,,,
ALDD4,,,,,,,,,,,
GRGTc,,,,,,,,,,,
AMPMS,,,,,,,,,,,
HEMEASm,,,,,,,,,,,
EAR100_m,,,,,,,,,,,
HOLYSK,,,,,,,,,,,
RNTR4,,,,,,,,,,,
ADK1m,,,,,,,,,,,
3HAD121_m,,,,,,,,,,,
MTHFCm,,,,,,,,,,,
EX_na1_e,,,,,,,,,,,
PREPTHS2,,,,,,,,,,,
EX_tsul_e,,,,,,,,,,,
UNK3,,,,,,,,,,,
TAGAH1819Z18111Z18111Z,,,,,,,,,,,
NADH2_u6m,,,,,,,,,,,
3OXCOAT,,,,,,,,,,,
14GLUCANabcppc,,,,,,,,,,,
NO3abcppc,,,,,,,,,,,
URIK2,,,,,,,,,,,
ICL,,,,,,,,,,,
DUTPDP,,,,,,,,,,,
FBA,,,,,,,,,,,
EX_meglyxyl_e,,,,,,,,,,,
FBA4,,,,,,,,,,,
DASYN184_6_9_12_15,,,,,,,,,,,
A2GALT3c,,,,,,,,,,,
PGLYCtmnhs,,,,,,,,,,,
3HAD140,,,,,,,,,,,
ACS2,,,,,,,,,,,
3OAS180,,,,,,,,,,,
GMHEPAT,,,,,,,,,,,
MTHFD2i,,,,,,,,,,,
SELMETAT,,,,,,,,,,,
PAN4PP,,,,,,,,,,,
EAR120x,,,,,,,,,,,
ACACT8r,,,,,,,,,,,
DM_lys__L_c,,,,,,,,,,,
ECOAH5,,,,,,,,,,,
KAS2,,,,,,,,,,,
G3PD2,,,,,,,,,,,
EX_chitob_e,,,,,,,,,,,
TAGAH18111Z18111Z1835Z9Z12Z,,,,,,,,,,,
dgl_prod5,,,,,,,,,,,
O16A4COLIPAabctexc,,,,,,,,,,,
FA100ACPHi,,,,,,,,,,,
EX_pnto__R_e,,,,,,,,,,,
ACOADAGAT16018111Z18111Z,,,,,,,,,,,
HMR_0582nhs,,,,,,,,,,,
FACOAL120t2ppc,,,,,,,,,,,
EX_mobd_e,,,,,,,,,,,
r0853,,,,,,,,,,,
ACOADAGAT16018111Z180,,,,,,,,,,,
NMNP,,,,,,,,,,,
PLCD,,,,,,,,,,,
3OAS140_1c,,,,,,,,,,,
AACPS5_1c,,,,,,,,,,,
MTHFCm_1,,,,,,,,,,,
DHPS2,,,,,,,,,,,
3OAR40_m,,,,,,,,,,,
EX_cpgn_e,,,,,,,,,,,
SULR_2,,,,,,,,,,,
G3PD5,,,,,,,,,,,
EX_pe1829Z12Z1835Z9Z12Z_e,,,,,,,,,,,
UPPDC2,,,,,,,,,,,
DASYN182_9_12,,,,,,,,,,,
ATPPHm,,,,,,,,,,,
ILETA,,,,,,,,,,,
PSERDm_SC,,,,,,,,,,,
PSP_L,,,,,,,,,,,
FAOXC80,,,,,,,,,,,
EAR121y,,,,,,,,,,,
EHGLAT,,,,,,,,,,,
D_LACDHm,,,,,,,,,,,
S2FE2SS,,,,,,,,,,,
A2GALT6c,,,,,,,,,,,
BC10_new,,,,,,,,,,,
MGDGW6DS1829Z12Z1637Z10Z13Zc,,,,,,,,,,,
GLCt2_2,,,,,,,,,,,
CD2t4,,,,,,,,,,,
AMALT2,,,,,,,,,,,
URIK3,,,,,,,,,,,
PHEMEABCte,,,,,,,,,,,
SPHMYLNt,,,,,,,,,,,
LPD5,,,,,,,,,,,
PNTEH,,,,,,,,,,,
TSR,,,,,,,,,,,
HACD5,,,,,,,,,,,
ACOAD9m,,,,,,,,,,,
EX_o16a4colipa_e,,,,,,,,,,,
EX_thrthrarg_e,,,,,,,,,,,
I2FE2ST,,,,,,,,,,,
ENO,,,,,,,,,,,
GCC2cm,,,,,,,,,,,
RHODOPSINIc,,,,,,,,,,,
PYK5,,,,,,,,,,,
ACPPAT181,,,,,,,,,,,
DNDPt43m,,,,,,,,,,,
MACCOAT,,,,,,,,,,,
AACPS2,,,,,,,,,,,
DM_met__L_c,,,,,,,,,,,
XPPT,,,,,,,,,,,
EX_pgp160_e,,,,,,,,,,,
GTHS,,,,,,,,,,,
DGDGW3DS1839Z12Z15Z1627Z10Zc,,,,,,,,,,,
PDHbr,,,,,,,,,,,
AGPAT141,,,,,,,,,,,
GF6PTA,,,,,,,,,,,
DHNANT,,,,,,,,,,,
GLUTCOADHc,,,,,,,,,,,
NDPK8m,,,,,,,,,,,
KATpc,,,,,,,,,,,
EX_g3ps_e,,,,,,,,,,,
PHEPHETHRt,,,,,,,,,,,
MOBDabc,,,,,,,,,,,
EAR100x,,,,,,,,,,,
ENOm,,,,,,,,,,,
EX_feenter_e,,,,,,,,,,,
MOHMT,,,,,,,,,,,
ALDD32,,,,,,,,,,,
TPTPt_m,,,,,,,,,,,
DGDGW3DS1839Z12Z15Z1637Z10Z13Z1c,,,,,,,,,,,
KAT180_m,,,,,,,,,,,
ARGSS,,,,,,,,,,,
HBZNPT,,,,,,,,,,,
MLTG1,,,,,,,,,,,
GMT1,,,,,,,,,,,
G3PD4,,,,,,,,,,,
FA160ACPH_m,,,,,,,,,,,
DHFR2i,,,,,,,,,,,
FAO2,,,,,,,,,,,
UDPACGLP,,,,,,,,,,,
EX_pe160_e,,,,,,,,,,,
EX_lipoate_e,,,,,,,,,,,
HIBDkt,,,,,,,,,,,
NOS1,,,,,,,,,,,
TRPTA,,,,,,,,,,,
PCLAD,,,,,,,,,,,
FACOAL180,,,,,,,,,,,
FLNDPR2r,,,,,,,,,,,
CITt4_4,,,,,,,,,,,
GLU5K,,,,,,,,,,,
ARGARGt,,,,,,,,,,,
OHPBAT,,,,,,,,,,,
EX_fum_e,,,,,,,,,,,
EX_maltttr_e,,,,,,,,,,,
CRNCAR,,,,,,,,,,,
EX_pe120_e,,,,,,,,,,,
GLNSP2,,,,,,,,,,,
SSALx,,,,,,,,,,,
DGTPtm,,,,,,,,,,,
PGP120abcppc,,,,,,,,,,,
GLYGS,,,,,,,,,,,
ISETACabcppc,,,,,,,,,,,
DHPR2,,,,,,,,,,,
HEX1,,,,,,,,,,,
AATA,,,,,,,,,,,
LEUTAm,,,,,,,,,,,
ACOADAGAT1801819Z160,,,,,,,,,,,
G6PADH,,,,,,,,,,,
NTD3,,,,,,,,,,,
TAGAH18111Z1819Z160,,,,,,,,,,,
COabc,,,,,,,,,,,
ORNt3m,,,,,,,,,,,
HCO3_h_thi,,,,,,,,,,,
EX_lipa_cold_e,,,,,,,,,,,
PGSA181,,,,,,,,,,,
ECOAH7m,,,,,,,,,,,
AFAT,,,,,,,,,,,
KAS12,,,,,,,,,,,
GMT2,,,,,,,,,,,
KAS10,,,,,,,,,,,
DGDGW6DS1819Z1627Z10Zc,,,,,,,,,,,
EX_fe3dcit_e,,,,,,,,,,,
ACSm,,,,,,,,,,,
ORPT,,,,,,,,,,,
DGDGW3DS1829Z12Z1637Z10Z13Zc,,,,,,,,,,,
AACP1819ZSc,,,,,,,,,,,
KAS6,,,,,,,,,,,
DHCRD2,,,,,,,,,,,
HISTRS,,,,,,,,,,,
S2FE2SR,,,,,,,,,,,
ALDD17,,,,,,,,,,,
GAT2_SC,,,,,,,,,,,
TPI,,,,,,,,,,,
DGDGGH1839Z12Z15Z1634Z7Z10Zc,,,,,,,,,,,
PLPSA21819Z1819Z,,,,,,,,,,,
KAS15,,,,,,,,,,,
DM_trp__L_c,,,,,,,,,,,
PE180abcppc,,,,,,,,,,,
MN6PP,,,,,,,,,,,
DM_tyr__L_c,,,,,,,,,,,
PLPSA21819Z1829Z12Z,,,,,,,,,,,
EX_g1p_e,,,,,,,,,,,
GALIGH,,,,,,,,,,,
D_LACDm,,,,,,,,,,,
DRIBabc,,,,,,,,,,,
FECOSTAT_SC,,,,,,,,,,,
MECDPDH5,,,,,,,,,,,
PDE2,,,,,,,,,,,
AMITP,,,,,,,,,,,
Cuabc,,,,,,,,,,,
MOD_4mop,,,,,,,,,,,
SADT,,,,,,,,,,,
OMCDCm,,,,,,,,,,,
ACPPAT160,,,,,,,,,,,
3OAR120,,,,,,,,,,,
r2425,,,,,,,,,,,
FAS120,,,,,,,,,,,
EX_argarg_e,,,,,,,,,,,
DAGAH1819Z18111Z,,,,,,,,,,,
DGDGW6DS1829Z12Z1634Z7Z10Zc,,,,,,,,,,,
EX_met__L_e,,,,,,,,,,,
HMR_9807,,,,,,,,,,,
NADN,,,,,,,,,,,
FASC160ACP,,,,,,,,,,,
PANTS,,,,,,,,,,,
ACACT4pc,,,,,,,,,,,
EPMEACPR,,,,,,,,,,,
OGMEACPR,,,,,,,,,,,
IPDPS,,,,,,,,,,,
GLNtm_1,,,,,,,,,,,
DHDPRy,,,,,,,,,,,
ACOLIPAabctexc,,,,,,,,,,,
ALCD2x,,,,,,,,,,,
EX_pgp141_e,,,,,,,,,,,
FLVR,,,,,,,,,,,
FMETTRS,,,,,,,,,,,
NH4t_1,,,,,,,,,,,
ALDD2xm,,,,,,,,,,,
KHK2,,,,,,,,,,,
CSm,,,,,,,,,,,
ACOADAGAT1819Z1819Z1835Z9Z12Z,,,,,,,,,,,
MGDGW3DS1839Z12Z15Z1627Z10Zc,,,,,,,,,,,
MGDGW6DS1829Z12Z1619Zc,,,,,,,,,,,
ALAALACNc,,,,,,,,,,,
PCm,,,,,,,,,,,
ABOR,,,,,,,,,,,
NAPRT,,,,,,,,,,,
NNAM,,,,,,,,,,,
RNTR4c,,,,,,,,,,,
NH4tmt,,,,,,,,,,,
ACOAD10m,,,,,,,,,,,
DCTPD,,,,,,,,,,,
FAO182p_oddoddc,,,,,,,,,,,
NADPHQR3,,,,,,,,,,,
2_7_8_3,,,,,,,,,,,
ALCD22yi,,,,,,,,,,,
RNDR1,,,,,,,,,,,
DRTPPD,,,,,,,,,,,
MYCON4,,,,,,,,,,,
GMAND,,,,,,,,,,,
PE18111Z1835Z9Z12Zt,,,,,,,,,,,
GLYC3tr,,,,,,,,,,,
ALDD20ym,,,,,,,,,,,
LNS14DM,,,,,,,,,,,
KAS17,,,,,,,,,,,
EX_lanost_e,,,,,,,,,,,
AKGICITtm,,,,,,,,,,,
SUCDH_q8_m,,,,,,,,,,,
TAGAH1801819Z18111Z,,,,,,,,,,,
MGDGD7DS1829Z12Z1617Zc,,,,,,,,,,,
lipid3,,,,,,,,,,,
AASPm,,,,,,,,,,,
CYOR_q8_m,,,,,,,,,,,
GUAPRT,,,,,,,,,,,
FAMPL5,,,,,,,,,,,
CU1abcppc,,,,,,,,,,,
G1PTT,,,,,,,,,,,
ARGabc,,,,,,,,,,,
ALR2,,,,,,,,,,,
PIt8,,,,,,,,,,,
CBMKr,,,,,,,,,,,
PGPS18111Z160,,,,,,,,,,,
PE181abcppc,,,,,,,,,,,
FE3HOXabcppc,,,,,,,,,,,
ACOAD5,,,,,,,,,,,
r0494,,,,,,,,,,,
MTMOHT,,,,,,,,,,,
